ParticipantID,ParticipantNote,Experiment,TrialID,Event,EventTime,EventTimeBJT,EventUnixMs,Condition,SpatialContinuity,ProgressiveAvailability,SequenceGroup,SequenceIndex,TargetIndex,TargetLabel,TargetContentIndex,TargetDisplayIndex,SlotPermutation,Stage,ObjectStages,Progress,TrialStartTime,TrialStartTimeBJT,TrialStartUnixMs,LoadingCompleteTime,LoadingCompleteTimeBJT,LoadingCompleteUnixMs,Stage1StartTime,Stage1StartTimeBJT,Stage1StartUnixMs,Stage2StartTime,Stage2StartTimeBJT,Stage2StartUnixMs,Stage3StartTime,Stage3StartTimeBJT,Stage3StartUnixMs,ProgressiveUsableTime,ProgressiveUsableTimeBJT,ProgressiveUsableUnixMs,ObjectStageChangeTime,ObjectStageChangeTimeBJT,ObjectStageChangeUnixMs,ObjectStageChangeObjectIndex,ObjectStagePreviousStage,ObjectStageNewStage,PreJudgeTime,PreJudgeTimeBJT,PreJudgeUnixMs,PreJudgeIndex,PreJudgeLabel,PreJudgeContentIndex,PreJudgeCorrect,PreJudgeConfidence,PendingSelectionTime,PendingSelectionTimeBJT,PendingSelectionUnixMs,PendingSelectionIndex,PendingSelectionLabel,PendingSelectionContentIndex,PendingSelectionChangeCount,SubmitTime,SubmitTimeBJT,SubmitUnixMs,SubmitSelectionIndex,SubmitSelectionLabel,SubmitSelectionContentIndex,SubmitCorrect
"B001","G2G2","exp02","Exp2_001","trial_start",380.490753,"2026-06-14T16:09:03.903+08:00","1781424543904","E2_FIXED_PROGRESSIVE",0,1,2,1,3,"左脸",1,3,"1:3|2:4|3:1|4:2",0,"1:0|2:0|3:0|4:0",0.000000,380.490753,"2026-06-14T16:09:03.903+08:00","1781424543904",,"","",,"","",,"","",,"","",,"","",,"","",,,,,"","",,"",,,,,"","",,"",,,,"","",,"",,
"B001","G2G2","exp02","Exp2_001","object_stage_changed",384.485077,"2026-06-14T16:09:07.898+08:00","1781424547898","E2_FIXED_PROGRESSIVE",0,1,2,1,3,"左脸",1,3,"1:3|2:4|3:1|4:2",0,"1:1|2:0|3:0|4:0",0.334250,380.490753,"2026-06-14T16:09:03.903+08:00","1781424543904",,"","",,"","",,"","",,"","",,"","",384.485077,"2026-06-14T16:09:07.898+08:00","1781424547898",1,0,1,,"","",,"",,,,,"","",,"",,,,"","",,"",,
"B001","G2G2","exp02","Exp2_001","stage_1_start",384.485077,"2026-06-14T16:09:07.898+08:00","1781424547898","E2_FIXED_PROGRESSIVE",0,1,2,1,3,"左脸",1,3,"1:3|2:4|3:1|4:2",0,"1:1|2:0|3:0|4:0",0.334250,380.490753,"2026-06-14T16:09:03.903+08:00","1781424543904",,"","",384.485077,"2026-06-14T16:09:07.898+08:00","1781424547898",,"","",,"","",,"","",384.485077,"2026-06-14T16:09:07.898+08:00","1781424547898",1,0,1,,"","",,"",,,,,"","",,"",,,,"","",,"",,
"B001","G2G2","exp02","Exp2_001","object_stage_changed",384.485077,"2026-06-14T16:09:07.898+08:00","1781424547898","E2_FIXED_PROGRESSIVE",0,1,2,1,3,"左脸",1,3,"1:3|2:4|3:1|4:2",0,"1:1|2:1|3:0|4:0",0.334250,380.490753,"2026-06-14T16:09:03.903+08:00","1781424543904",,"","",384.485077,"2026-06-14T16:09:07.898+08:00","1781424547898",,"","",,"","",,"","",384.485077,"2026-06-14T16:09:07.898+08:00","1781424547898",2,0,1,,"","",,"",,,,,"","",,"",,,,"","",,"",,
"B001","G2G2","exp02","Exp2_001","object_stage_changed",384.485077,"2026-06-14T16:09:07.898+08:00","1781424547898","E2_FIXED_PROGRESSIVE",0,1,2,1,3,"左脸",1,3,"1:3|2:4|3:1|4:2",0,"1:1|2:1|3:1|4:0",0.334250,380.490753,"2026-06-14T16:09:03.903+08:00","1781424543904",,"","",384.485077,"2026-06-14T16:09:07.898+08:00","1781424547898",,"","",,"","",,"","",384.485077,"2026-06-14T16:09:07.898+08:00","1781424547898",3,0,1,,"","",,"",,,,,"","",,"",,,,"","",,"",,
"B001","G2G2","exp02","Exp2_001","object_stage_changed",384.485077,"2026-06-14T16:09:07.898+08:00","1781424547898","E2_FIXED_PROGRESSIVE",0,1,2,1,3,"左脸",1,3,"1:3|2:4|3:1|4:2",0,"1:1|2:1|3:1|4:1",0.334250,380.490753,"2026-06-14T16:09:03.903+08:00","1781424543904",,"","",384.485077,"2026-06-14T16:09:07.898+08:00","1781424547898",,"","",,"","",,"","",384.485077,"2026-06-14T16:09:07.898+08:00","1781424547898",4,0,1,,"","",,"",,,,,"","",,"",,,,"","",,"",,
"B001","G2G2","exp02","Exp2_001","object_stage_changed",386.477264,"2026-06-14T16:09:09.890+08:00","1781424549890","E2_FIXED_PROGRESSIVE",0,1,2,1,3,"左脸",1,3,"1:3|2:4|3:1|4:2",1,"1:2|2:1|3:1|4:1",0.500267,380.490753,"2026-06-14T16:09:03.903+08:00","1781424543904",,"","",384.485077,"2026-06-14T16:09:07.898+08:00","1781424547898",,"","",,"","",,"","",386.477264,"2026-06-14T16:09:09.890+08:00","1781424549890",1,1,2,,"","",,"",,,,,"","",,"",,,,"","",,"",,
"B001","G2G2","exp02","Exp2_001","stage_2_start",386.477264,"2026-06-14T16:09:09.890+08:00","1781424549890","E2_FIXED_PROGRESSIVE",0,1,2,1,3,"左脸",1,3,"1:3|2:4|3:1|4:2",1,"1:2|2:1|3:1|4:1",0.500267,380.490753,"2026-06-14T16:09:03.903+08:00","1781424543904",,"","",384.485077,"2026-06-14T16:09:07.898+08:00","1781424547898",386.477264,"2026-06-14T16:09:09.890+08:00","1781424549890",,"","",,"","",386.477264,"2026-06-14T16:09:09.890+08:00","1781424549890",1,1,2,,"","",,"",,,,,"","",,"",,,,"","",,"",,
"B001","G2G2","exp02","Exp2_001","object_stage_changed",386.477264,"2026-06-14T16:09:09.890+08:00","1781424549890","E2_FIXED_PROGRESSIVE",0,1,2,1,3,"左脸",1,3,"1:3|2:4|3:1|4:2",1,"1:2|2:2|3:1|4:1",0.500267,380.490753,"2026-06-14T16:09:03.903+08:00","1781424543904",,"","",384.485077,"2026-06-14T16:09:07.898+08:00","1781424547898",386.477264,"2026-06-14T16:09:09.890+08:00","1781424549890",,"","",,"","",386.477264,"2026-06-14T16:09:09.890+08:00","1781424549890",2,1,2,,"","",,"",,,,,"","",,"",,,,"","",,"",,
"B001","G2G2","exp02","Exp2_001","object_stage_changed",386.477264,"2026-06-14T16:09:09.890+08:00","1781424549890","E2_FIXED_PROGRESSIVE",0,1,2,1,3,"左脸",1,3,"1:3|2:4|3:1|4:2",1,"1:2|2:2|3:2|4:1",0.500267,380.490753,"2026-06-14T16:09:03.903+08:00","1781424543904",,"","",384.485077,"2026-06-14T16:09:07.898+08:00","1781424547898",386.477264,"2026-06-14T16:09:09.890+08:00","1781424549890",,"","",,"","",386.477264,"2026-06-14T16:09:09.890+08:00","1781424549890",3,1,2,,"","",,"",,,,,"","",,"",,,,"","",,"",,
"B001","G2G2","exp02","Exp2_001","progressive_usable",386.477264,"2026-06-14T16:09:09.890+08:00","1781424549890","E2_FIXED_PROGRESSIVE",0,1,2,1,3,"左脸",1,3,"1:3|2:4|3:1|4:2",1,"1:2|2:2|3:2|4:1",0.500267,380.490753,"2026-06-14T16:09:03.903+08:00","1781424543904",,"","",384.485077,"2026-06-14T16:09:07.898+08:00","1781424547898",386.477264,"2026-06-14T16:09:09.890+08:00","1781424549890",,"","",386.477264,"2026-06-14T16:09:09.890+08:00","1781424549890",386.477264,"2026-06-14T16:09:09.890+08:00","1781424549890",3,1,2,,"","",,"",,,,,"","",,"",,,,"","",,"",,
"B001","G2G2","exp02","Exp2_001","object_stage_changed",386.477264,"2026-06-14T16:09:09.890+08:00","1781424549890","E2_FIXED_PROGRESSIVE",0,1,2,1,3,"左脸",1,3,"1:3|2:4|3:1|4:2",1,"1:2|2:2|3:2|4:2",0.500267,380.490753,"2026-06-14T16:09:03.903+08:00","1781424543904",,"","",384.485077,"2026-06-14T16:09:07.898+08:00","1781424547898",386.477264,"2026-06-14T16:09:09.890+08:00","1781424549890",,"","",386.477264,"2026-06-14T16:09:09.890+08:00","1781424549890",386.477264,"2026-06-14T16:09:09.890+08:00","1781424549890",4,1,2,,"","",,"",,,,,"","",,"",,,,"","",,"",,
"B001","G2G2","exp02","Exp2_001","prejudge",390.763916,"2026-06-14T16:09:14.177+08:00","1781424554177","E2_FIXED_PROGRESSIVE",0,1,2,1,3,"左脸",1,3,"1:3|2:4|3:1|4:2",2,"1:2|2:2|3:2|4:2",0.856096,380.490753,"2026-06-14T16:09:03.903+08:00","1781424543904",,"","",384.485077,"2026-06-14T16:09:07.898+08:00","1781424547898",386.477264,"2026-06-14T16:09:09.890+08:00","1781424549890",,"","",386.477264,"2026-06-14T16:09:09.890+08:00","1781424549890",386.477264,"2026-06-14T16:09:09.890+08:00","1781424549890",4,1,2,390.763916,"2026-06-14T16:09:14.177+08:00","1781424554177",3,"左脸",1,1,,,"","",,"",,,,"","",,"",,
"B001","G2G2","exp02","Exp2_001","object_stage_changed",392.486237,"2026-06-14T16:09:15.899+08:00","1781424555899","E2_FIXED_PROGRESSIVE",0,1,2,1,3,"左脸",1,3,"1:3|2:4|3:1|4:2",2,"1:3|2:2|3:2|4:2",1.000000,380.490753,"2026-06-14T16:09:03.903+08:00","1781424543904",,"","",384.485077,"2026-06-14T16:09:07.898+08:00","1781424547898",386.477264,"2026-06-14T16:09:09.890+08:00","1781424549890",,"","",386.477264,"2026-06-14T16:09:09.890+08:00","1781424549890",392.486237,"2026-06-14T16:09:15.899+08:00","1781424555899",1,2,3,390.763916,"2026-06-14T16:09:14.177+08:00","1781424554177",3,"左脸",1,1,,,"","",,"",,,,"","",,"",,
"B001","G2G2","exp02","Exp2_001","stage_3_start",392.486237,"2026-06-14T16:09:15.899+08:00","1781424555899","E2_FIXED_PROGRESSIVE",0,1,2,1,3,"左脸",1,3,"1:3|2:4|3:1|4:2",2,"1:3|2:2|3:2|4:2",1.000000,380.490753,"2026-06-14T16:09:03.903+08:00","1781424543904",,"","",384.485077,"2026-06-14T16:09:07.898+08:00","1781424547898",386.477264,"2026-06-14T16:09:09.890+08:00","1781424549890",392.486237,"2026-06-14T16:09:15.899+08:00","1781424555899",386.477264,"2026-06-14T16:09:09.890+08:00","1781424549890",392.486237,"2026-06-14T16:09:15.899+08:00","1781424555899",1,2,3,390.763916,"2026-06-14T16:09:14.177+08:00","1781424554177",3,"左脸",1,1,,,"","",,"",,,,"","",,"",,
"B001","G2G2","exp02","Exp2_001","object_stage_changed",392.486237,"2026-06-14T16:09:15.899+08:00","1781424555899","E2_FIXED_PROGRESSIVE",0,1,2,1,3,"左脸",1,3,"1:3|2:4|3:1|4:2",2,"1:3|2:3|3:2|4:2",1.000000,380.490753,"2026-06-14T16:09:03.903+08:00","1781424543904",,"","",384.485077,"2026-06-14T16:09:07.898+08:00","1781424547898",386.477264,"2026-06-14T16:09:09.890+08:00","1781424549890",392.486237,"2026-06-14T16:09:15.899+08:00","1781424555899",386.477264,"2026-06-14T16:09:09.890+08:00","1781424549890",392.486237,"2026-06-14T16:09:15.899+08:00","1781424555899",2,2,3,390.763916,"2026-06-14T16:09:14.177+08:00","1781424554177",3,"左脸",1,1,,,"","",,"",,,,"","",,"",,
"B001","G2G2","exp02","Exp2_001","object_stage_changed",392.486237,"2026-06-14T16:09:15.899+08:00","1781424555899","E2_FIXED_PROGRESSIVE",0,1,2,1,3,"左脸",1,3,"1:3|2:4|3:1|4:2",2,"1:3|2:3|3:3|4:2",1.000000,380.490753,"2026-06-14T16:09:03.903+08:00","1781424543904",,"","",384.485077,"2026-06-14T16:09:07.898+08:00","1781424547898",386.477264,"2026-06-14T16:09:09.890+08:00","1781424549890",392.486237,"2026-06-14T16:09:15.899+08:00","1781424555899",386.477264,"2026-06-14T16:09:09.890+08:00","1781424549890",392.486237,"2026-06-14T16:09:15.899+08:00","1781424555899",3,2,3,390.763916,"2026-06-14T16:09:14.177+08:00","1781424554177",3,"左脸",1,1,,,"","",,"",,,,"","",,"",,
"B001","G2G2","exp02","Exp2_001","object_stage_changed",392.486237,"2026-06-14T16:09:15.899+08:00","1781424555899","E2_FIXED_PROGRESSIVE",0,1,2,1,3,"左脸",1,3,"1:3|2:4|3:1|4:2",2,"1:3|2:3|3:3|4:3",1.000000,380.490753,"2026-06-14T16:09:03.903+08:00","1781424543904",,"","",384.485077,"2026-06-14T16:09:07.898+08:00","1781424547898",386.477264,"2026-06-14T16:09:09.890+08:00","1781424549890",392.486237,"2026-06-14T16:09:15.899+08:00","1781424555899",386.477264,"2026-06-14T16:09:09.890+08:00","1781424549890",392.486237,"2026-06-14T16:09:15.899+08:00","1781424555899",4,2,3,390.763916,"2026-06-14T16:09:14.177+08:00","1781424554177",3,"左脸",1,1,,,"","",,"",,,,"","",,"",,
"B001","G2G2","exp02","Exp2_001","loading_complete",392.486237,"2026-06-14T16:09:15.899+08:00","1781424555899","E2_FIXED_PROGRESSIVE",0,1,2,1,3,"左脸",1,3,"1:3|2:4|3:1|4:2",3,"1:3|2:3|3:3|4:3",1.000000,380.490753,"2026-06-14T16:09:03.903+08:00","1781424543904",392.486237,"2026-06-14T16:09:15.899+08:00","1781424555899",384.485077,"2026-06-14T16:09:07.898+08:00","1781424547898",386.477264,"2026-06-14T16:09:09.890+08:00","1781424549890",392.486237,"2026-06-14T16:09:15.899+08:00","1781424555899",386.477264,"2026-06-14T16:09:09.890+08:00","1781424549890",392.486237,"2026-06-14T16:09:15.899+08:00","1781424555899",4,2,3,390.763916,"2026-06-14T16:09:14.177+08:00","1781424554177",3,"左脸",1,1,,,"","",,"",,,,"","",,"",,
"B001","G2G2","exp02","Exp2_001","pending_selection",394.293213,"2026-06-14T16:09:17.706+08:00","1781424557706","E2_FIXED_PROGRESSIVE",0,1,2,1,3,"左脸",1,3,"1:3|2:4|3:1|4:2",3,"1:3|2:3|3:3|4:3",1.000000,380.490753,"2026-06-14T16:09:03.903+08:00","1781424543904",392.486237,"2026-06-14T16:09:15.899+08:00","1781424555899",384.485077,"2026-06-14T16:09:07.898+08:00","1781424547898",386.477264,"2026-06-14T16:09:09.890+08:00","1781424549890",392.486237,"2026-06-14T16:09:15.899+08:00","1781424555899",386.477264,"2026-06-14T16:09:09.890+08:00","1781424549890",392.486237,"2026-06-14T16:09:15.899+08:00","1781424555899",4,2,3,390.763916,"2026-06-14T16:09:14.177+08:00","1781424554177",3,"左脸",1,1,,394.293213,"2026-06-14T16:09:17.706+08:00","1781424557706",3,"左脸",1,1,,"","",,"",,
"B001","G2G2","exp02","Exp2_001","submit_selection",396.125275,"2026-06-14T16:09:19.538+08:00","1781424559538","E2_FIXED_PROGRESSIVE",0,1,2,1,3,"左脸",1,3,"1:3|2:4|3:1|4:2",3,"1:3|2:3|3:3|4:3",1.000000,380.490753,"2026-06-14T16:09:03.903+08:00","1781424543904",392.486237,"2026-06-14T16:09:15.899+08:00","1781424555899",384.485077,"2026-06-14T16:09:07.898+08:00","1781424547898",386.477264,"2026-06-14T16:09:09.890+08:00","1781424549890",392.486237,"2026-06-14T16:09:15.899+08:00","1781424555899",386.477264,"2026-06-14T16:09:09.890+08:00","1781424549890",392.486237,"2026-06-14T16:09:15.899+08:00","1781424555899",4,2,3,390.763916,"2026-06-14T16:09:14.177+08:00","1781424554177",3,"左脸",1,1,,394.293213,"2026-06-14T16:09:17.706+08:00","1781424557706",3,"左脸",1,1,396.125275,"2026-06-14T16:09:19.538+08:00","1781424559538",3,"左脸",1,1
"B001","G2G2","exp02","Exp2_002","trial_start",445.080322,"2026-06-14T16:10:08.493+08:00","1781424608493","E3_SPATIAL_NONPROGRESSIVE",1,0,2,2,1,"脖子",3,1,"1:3|2:1|3:2|4:4",0,"1:0|2:0|3:0|4:0",0.000000,445.080322,"2026-06-14T16:10:08.493+08:00","1781424608493",,"","",,"","",,"","",,"","",,"","",,"","",,,,,"","",,"",,,,,"","",,"",,,,"","",,"",,
"B001","G2G2","exp02","Exp2_002","object_stage_changed",457.075226,"2026-06-14T16:10:20.488+08:00","1781424620488","E3_SPATIAL_NONPROGRESSIVE",1,0,2,2,1,"脖子",3,1,"1:3|2:1|3:2|4:4",3,"1:3|2:0|3:0|4:0",1.000000,445.080322,"2026-06-14T16:10:08.493+08:00","1781424608493",457.075226,"2026-06-14T16:10:20.488+08:00","1781424620488",,"","",,"","",,"","",,"","",457.075226,"2026-06-14T16:10:20.488+08:00","1781424620488",1,0,3,,"","",,"",,,,,"","",,"",,,,"","",,"",,
"B001","G2G2","exp02","Exp2_002","stage_3_start",457.075226,"2026-06-14T16:10:20.488+08:00","1781424620488","E3_SPATIAL_NONPROGRESSIVE",1,0,2,2,1,"脖子",3,1,"1:3|2:1|3:2|4:4",3,"1:3|2:0|3:0|4:0",1.000000,445.080322,"2026-06-14T16:10:08.493+08:00","1781424608493",457.075226,"2026-06-14T16:10:20.488+08:00","1781424620488",,"","",,"","",457.075226,"2026-06-14T16:10:20.488+08:00","1781424620488",,"","",457.075226,"2026-06-14T16:10:20.488+08:00","1781424620488",1,0,3,,"","",,"",,,,,"","",,"",,,,"","",,"",,
"B001","G2G2","exp02","Exp2_002","object_stage_changed",457.075226,"2026-06-14T16:10:20.488+08:00","1781424620488","E3_SPATIAL_NONPROGRESSIVE",1,0,2,2,1,"脖子",3,1,"1:3|2:1|3:2|4:4",3,"1:3|2:3|3:0|4:0",1.000000,445.080322,"2026-06-14T16:10:08.493+08:00","1781424608493",457.075226,"2026-06-14T16:10:20.488+08:00","1781424620488",,"","",,"","",457.075226,"2026-06-14T16:10:20.488+08:00","1781424620488",,"","",457.075226,"2026-06-14T16:10:20.488+08:00","1781424620488",2,0,3,,"","",,"",,,,,"","",,"",,,,"","",,"",,
"B001","G2G2","exp02","Exp2_002","object_stage_changed",457.075226,"2026-06-14T16:10:20.488+08:00","1781424620488","E3_SPATIAL_NONPROGRESSIVE",1,0,2,2,1,"脖子",3,1,"1:3|2:1|3:2|4:4",3,"1:3|2:3|3:3|4:0",1.000000,445.080322,"2026-06-14T16:10:08.493+08:00","1781424608493",457.075226,"2026-06-14T16:10:20.488+08:00","1781424620488",,"","",,"","",457.075226,"2026-06-14T16:10:20.488+08:00","1781424620488",,"","",457.075226,"2026-06-14T16:10:20.488+08:00","1781424620488",3,0,3,,"","",,"",,,,,"","",,"",,,,"","",,"",,
"B001","G2G2","exp02","Exp2_002","object_stage_changed",457.075226,"2026-06-14T16:10:20.488+08:00","1781424620488","E3_SPATIAL_NONPROGRESSIVE",1,0,2,2,1,"脖子",3,1,"1:3|2:1|3:2|4:4",3,"1:3|2:3|3:3|4:3",1.000000,445.080322,"2026-06-14T16:10:08.493+08:00","1781424608493",457.075226,"2026-06-14T16:10:20.488+08:00","1781424620488",,"","",,"","",457.075226,"2026-06-14T16:10:20.488+08:00","1781424620488",,"","",457.075226,"2026-06-14T16:10:20.488+08:00","1781424620488",4,0,3,,"","",,"",,,,,"","",,"",,,,"","",,"",,
"B001","G2G2","exp02","Exp2_002","loading_complete",457.075226,"2026-06-14T16:10:20.488+08:00","1781424620488","E3_SPATIAL_NONPROGRESSIVE",1,0,2,2,1,"脖子",3,1,"1:3|2:1|3:2|4:4",3,"1:3|2:3|3:3|4:3",1.000000,445.080322,"2026-06-14T16:10:08.493+08:00","1781424608493",457.075226,"2026-06-14T16:10:20.488+08:00","1781424620488",,"","",,"","",457.075226,"2026-06-14T16:10:20.488+08:00","1781424620488",,"","",457.075226,"2026-06-14T16:10:20.488+08:00","1781424620488",4,0,3,,"","",,"",,,,,"","",,"",,,,"","",,"",,
"B001","G2G2","exp02","Exp2_002","pending_selection",462.366913,"2026-06-14T16:10:25.780+08:00","1781424625780","E3_SPATIAL_NONPROGRESSIVE",1,0,2,2,1,"脖子",3,1,"1:3|2:1|3:2|4:4",3,"1:3|2:3|3:3|4:3",1.000000,445.080322,"2026-06-14T16:10:08.493+08:00","1781424608493",457.075226,"2026-06-14T16:10:20.488+08:00","1781424620488",,"","",,"","",457.075226,"2026-06-14T16:10:20.488+08:00","1781424620488",,"","",457.075226,"2026-06-14T16:10:20.488+08:00","1781424620488",4,0,3,,"","",,"",,,,462.366913,"2026-06-14T16:10:25.780+08:00","1781424625780",1,"脖子",3,1,,"","",,"",,
"B001","G2G2","exp02","Exp2_002","submit_selection",463.901001,"2026-06-14T16:10:27.314+08:00","1781424627314","E3_SPATIAL_NONPROGRESSIVE",1,0,2,2,1,"脖子",3,1,"1:3|2:1|3:2|4:4",3,"1:3|2:3|3:3|4:3",1.000000,445.080322,"2026-06-14T16:10:08.493+08:00","1781424608493",457.075226,"2026-06-14T16:10:20.488+08:00","1781424620488",,"","",,"","",457.075226,"2026-06-14T16:10:20.488+08:00","1781424620488",,"","",457.075226,"2026-06-14T16:10:20.488+08:00","1781424620488",4,0,3,,"","",,"",,,,462.366913,"2026-06-14T16:10:25.780+08:00","1781424625780",1,"脖子",3,1,463.901001,"2026-06-14T16:10:27.314+08:00","1781424627314",1,"脖子",3,1
"B001","G2G2","exp02","Exp2_003","trial_start",513.392212,"2026-06-14T16:11:16.805+08:00","1781424676805","E1_SPATIAL_PROGRESSIVE",1,1,2,3,4,"右脸",2,4,"1:4|2:1|3:3|4:2",0,"1:0|2:0|3:0|4:0",0.000000,513.392212,"2026-06-14T16:11:16.805+08:00","1781424676805",,"","",,"","",,"","",,"","",,"","",,"","",,,,,"","",,"",,,,,"","",,"",,,,"","",,"",,
"B001","G2G2","exp02","Exp2_003","object_stage_changed",517.392273,"2026-06-14T16:11:20.805+08:00","1781424680805","E1_SPATIAL_PROGRESSIVE",1,1,2,3,4,"右脸",2,4,"1:4|2:1|3:3|4:2",0,"1:1|2:0|3:0|4:0",0.334727,513.392212,"2026-06-14T16:11:16.805+08:00","1781424676805",,"","",,"","",,"","",,"","",,"","",517.392273,"2026-06-14T16:11:20.805+08:00","1781424680805",1,0,1,,"","",,"",,,,,"","",,"",,,,"","",,"",,
"B001","G2G2","exp02","Exp2_003","stage_1_start",517.392273,"2026-06-14T16:11:20.805+08:00","1781424680805","E1_SPATIAL_PROGRESSIVE",1,1,2,3,4,"右脸",2,4,"1:4|2:1|3:3|4:2",0,"1:1|2:0|3:0|4:0",0.334727,513.392212,"2026-06-14T16:11:16.805+08:00","1781424676805",,"","",517.392273,"2026-06-14T16:11:20.805+08:00","1781424680805",,"","",,"","",,"","",517.392273,"2026-06-14T16:11:20.805+08:00","1781424680805",1,0,1,,"","",,"",,,,,"","",,"",,,,"","",,"",,
"B001","G2G2","exp02","Exp2_003","object_stage_changed",517.392273,"2026-06-14T16:11:20.805+08:00","1781424680805","E1_SPATIAL_PROGRESSIVE",1,1,2,3,4,"右脸",2,4,"1:4|2:1|3:3|4:2",0,"1:1|2:1|3:0|4:0",0.334727,513.392212,"2026-06-14T16:11:16.805+08:00","1781424676805",,"","",517.392273,"2026-06-14T16:11:20.805+08:00","1781424680805",,"","",,"","",,"","",517.392273,"2026-06-14T16:11:20.805+08:00","1781424680805",2,0,1,,"","",,"",,,,,"","",,"",,,,"","",,"",,
"B001","G2G2","exp02","Exp2_003","object_stage_changed",517.392273,"2026-06-14T16:11:20.805+08:00","1781424680805","E1_SPATIAL_PROGRESSIVE",1,1,2,3,4,"右脸",2,4,"1:4|2:1|3:3|4:2",0,"1:1|2:1|3:1|4:0",0.334727,513.392212,"2026-06-14T16:11:16.805+08:00","1781424676805",,"","",517.392273,"2026-06-14T16:11:20.805+08:00","1781424680805",,"","",,"","",,"","",517.392273,"2026-06-14T16:11:20.805+08:00","1781424680805",3,0,1,,"","",,"",,,,,"","",,"",,,,"","",,"",,
"B001","G2G2","exp02","Exp2_003","object_stage_changed",517.392273,"2026-06-14T16:11:20.805+08:00","1781424680805","E1_SPATIAL_PROGRESSIVE",1,1,2,3,4,"右脸",2,4,"1:4|2:1|3:3|4:2",0,"1:1|2:1|3:1|4:1",0.334727,513.392212,"2026-06-14T16:11:16.805+08:00","1781424676805",,"","",517.392273,"2026-06-14T16:11:20.805+08:00","1781424680805",,"","",,"","",,"","",517.392273,"2026-06-14T16:11:20.805+08:00","1781424680805",4,0,1,,"","",,"",,,,,"","",,"",,,,"","",,"",,
"B001","G2G2","exp02","Exp2_003","object_stage_changed",519.384705,"2026-06-14T16:11:22.797+08:00","1781424682798","E1_SPATIAL_PROGRESSIVE",1,1,2,3,4,"右脸",2,4,"1:4|2:1|3:3|4:2",1,"1:2|2:1|3:1|4:1",0.500765,513.392212,"2026-06-14T16:11:16.805+08:00","1781424676805",,"","",517.392273,"2026-06-14T16:11:20.805+08:00","1781424680805",,"","",,"","",,"","",519.384705,"2026-06-14T16:11:22.797+08:00","1781424682798",1,1,2,,"","",,"",,,,,"","",,"",,,,"","",,"",,
"B001","G2G2","exp02","Exp2_003","stage_2_start",519.384705,"2026-06-14T16:11:22.797+08:00","1781424682798","E1_SPATIAL_PROGRESSIVE",1,1,2,3,4,"右脸",2,4,"1:4|2:1|3:3|4:2",1,"1:2|2:1|3:1|4:1",0.500765,513.392212,"2026-06-14T16:11:16.805+08:00","1781424676805",,"","",517.392273,"2026-06-14T16:11:20.805+08:00","1781424680805",519.384705,"2026-06-14T16:11:22.797+08:00","1781424682798",,"","",,"","",519.384705,"2026-06-14T16:11:22.797+08:00","1781424682798",1,1,2,,"","",,"",,,,,"","",,"",,,,"","",,"",,
"B001","G2G2","exp02","Exp2_003","object_stage_changed",519.384705,"2026-06-14T16:11:22.797+08:00","1781424682798","E1_SPATIAL_PROGRESSIVE",1,1,2,3,4,"右脸",2,4,"1:4|2:1|3:3|4:2",1,"1:2|2:2|3:1|4:1",0.500765,513.392212,"2026-06-14T16:11:16.805+08:00","1781424676805",,"","",517.392273,"2026-06-14T16:11:20.805+08:00","1781424680805",519.384705,"2026-06-14T16:11:22.797+08:00","1781424682798",,"","",,"","",519.384705,"2026-06-14T16:11:22.797+08:00","1781424682798",2,1,2,,"","",,"",,,,,"","",,"",,,,"","",,"",,
"B001","G2G2","exp02","Exp2_003","object_stage_changed",519.384705,"2026-06-14T16:11:22.797+08:00","1781424682798","E1_SPATIAL_PROGRESSIVE",1,1,2,3,4,"右脸",2,4,"1:4|2:1|3:3|4:2",1,"1:2|2:2|3:2|4:1",0.500765,513.392212,"2026-06-14T16:11:16.805+08:00","1781424676805",,"","",517.392273,"2026-06-14T16:11:20.805+08:00","1781424680805",519.384705,"2026-06-14T16:11:22.797+08:00","1781424682798",,"","",,"","",519.384705,"2026-06-14T16:11:22.797+08:00","1781424682798",3,1,2,,"","",,"",,,,,"","",,"",,,,"","",,"",,
"B001","G2G2","exp02","Exp2_003","object_stage_changed",519.384705,"2026-06-14T16:11:22.797+08:00","1781424682798","E1_SPATIAL_PROGRESSIVE",1,1,2,3,4,"右脸",2,4,"1:4|2:1|3:3|4:2",1,"1:2|2:2|3:2|4:2",0.500765,513.392212,"2026-06-14T16:11:16.805+08:00","1781424676805",,"","",517.392273,"2026-06-14T16:11:20.805+08:00","1781424680805",519.384705,"2026-06-14T16:11:22.797+08:00","1781424682798",,"","",,"","",519.384705,"2026-06-14T16:11:22.797+08:00","1781424682798",4,1,2,,"","",,"",,,,,"","",,"",,,,"","",,"",,
"B001","G2G2","exp02","Exp2_003","progressive_usable",519.384705,"2026-06-14T16:11:22.797+08:00","1781424682798","E1_SPATIAL_PROGRESSIVE",1,1,2,3,4,"右脸",2,4,"1:4|2:1|3:3|4:2",1,"1:2|2:2|3:2|4:2",0.500765,513.392212,"2026-06-14T16:11:16.805+08:00","1781424676805",,"","",517.392273,"2026-06-14T16:11:20.805+08:00","1781424680805",519.384705,"2026-06-14T16:11:22.797+08:00","1781424682798",,"","",519.384705,"2026-06-14T16:11:22.797+08:00","1781424682798",519.384705,"2026-06-14T16:11:22.797+08:00","1781424682798",4,1,2,,"","",,"",,,,,"","",,"",,,,"","",,"",,
"B001","G2G2","exp02","Exp2_003","prejudge",522.909973,"2026-06-14T16:11:26.323+08:00","1781424686323","E1_SPATIAL_PROGRESSIVE",1,1,2,3,4,"右脸",2,4,"1:4|2:1|3:3|4:2",2,"1:2|2:2|3:2|4:2",0.793056,513.392212,"2026-06-14T16:11:16.805+08:00","1781424676805",,"","",517.392273,"2026-06-14T16:11:20.805+08:00","1781424680805",519.384705,"2026-06-14T16:11:22.797+08:00","1781424682798",,"","",519.384705,"2026-06-14T16:11:22.797+08:00","1781424682798",519.384705,"2026-06-14T16:11:22.797+08:00","1781424682798",4,1,2,522.909973,"2026-06-14T16:11:26.323+08:00","1781424686323",4,"右脸",2,1,,,"","",,"",,,,"","",,"",,
"B001","G2G2","exp02","Exp2_003","object_stage_changed",525.382019,"2026-06-14T16:11:28.795+08:00","1781424688795","E1_SPATIAL_PROGRESSIVE",1,1,2,3,4,"右脸",2,4,"1:4|2:1|3:3|4:2",2,"1:3|2:2|3:2|4:2",1.000000,513.392212,"2026-06-14T16:11:16.805+08:00","1781424676805",,"","",517.392273,"2026-06-14T16:11:20.805+08:00","1781424680805",519.384705,"2026-06-14T16:11:22.797+08:00","1781424682798",,"","",519.384705,"2026-06-14T16:11:22.797+08:00","1781424682798",525.382019,"2026-06-14T16:11:28.795+08:00","1781424688795",1,2,3,522.909973,"2026-06-14T16:11:26.323+08:00","1781424686323",4,"右脸",2,1,,,"","",,"",,,,"","",,"",,
"B001","G2G2","exp02","Exp2_003","stage_3_start",525.382019,"2026-06-14T16:11:28.795+08:00","1781424688795","E1_SPATIAL_PROGRESSIVE",1,1,2,3,4,"右脸",2,4,"1:4|2:1|3:3|4:2",2,"1:3|2:2|3:2|4:2",1.000000,513.392212,"2026-06-14T16:11:16.805+08:00","1781424676805",,"","",517.392273,"2026-06-14T16:11:20.805+08:00","1781424680805",519.384705,"2026-06-14T16:11:22.797+08:00","1781424682798",525.382019,"2026-06-14T16:11:28.795+08:00","1781424688795",519.384705,"2026-06-14T16:11:22.797+08:00","1781424682798",525.382019,"2026-06-14T16:11:28.795+08:00","1781424688795",1,2,3,522.909973,"2026-06-14T16:11:26.323+08:00","1781424686323",4,"右脸",2,1,,,"","",,"",,,,"","",,"",,
"B001","G2G2","exp02","Exp2_003","object_stage_changed",525.382019,"2026-06-14T16:11:28.795+08:00","1781424688795","E1_SPATIAL_PROGRESSIVE",1,1,2,3,4,"右脸",2,4,"1:4|2:1|3:3|4:2",2,"1:3|2:3|3:2|4:2",1.000000,513.392212,"2026-06-14T16:11:16.805+08:00","1781424676805",,"","",517.392273,"2026-06-14T16:11:20.805+08:00","1781424680805",519.384705,"2026-06-14T16:11:22.797+08:00","1781424682798",525.382019,"2026-06-14T16:11:28.795+08:00","1781424688795",519.384705,"2026-06-14T16:11:22.797+08:00","1781424682798",525.382019,"2026-06-14T16:11:28.795+08:00","1781424688795",2,2,3,522.909973,"2026-06-14T16:11:26.323+08:00","1781424686323",4,"右脸",2,1,,,"","",,"",,,,"","",,"",,
"B001","G2G2","exp02","Exp2_003","object_stage_changed",525.382019,"2026-06-14T16:11:28.795+08:00","1781424688795","E1_SPATIAL_PROGRESSIVE",1,1,2,3,4,"右脸",2,4,"1:4|2:1|3:3|4:2",2,"1:3|2:3|3:3|4:2",1.000000,513.392212,"2026-06-14T16:11:16.805+08:00","1781424676805",,"","",517.392273,"2026-06-14T16:11:20.805+08:00","1781424680805",519.384705,"2026-06-14T16:11:22.797+08:00","1781424682798",525.382019,"2026-06-14T16:11:28.795+08:00","1781424688795",519.384705,"2026-06-14T16:11:22.797+08:00","1781424682798",525.382019,"2026-06-14T16:11:28.795+08:00","1781424688795",3,2,3,522.909973,"2026-06-14T16:11:26.323+08:00","1781424686323",4,"右脸",2,1,,,"","",,"",,,,"","",,"",,
"B001","G2G2","exp02","Exp2_003","object_stage_changed",525.382019,"2026-06-14T16:11:28.795+08:00","1781424688795","E1_SPATIAL_PROGRESSIVE",1,1,2,3,4,"右脸",2,4,"1:4|2:1|3:3|4:2",2,"1:3|2:3|3:3|4:3",1.000000,513.392212,"2026-06-14T16:11:16.805+08:00","1781424676805",,"","",517.392273,"2026-06-14T16:11:20.805+08:00","1781424680805",519.384705,"2026-06-14T16:11:22.797+08:00","1781424682798",525.382019,"2026-06-14T16:11:28.795+08:00","1781424688795",519.384705,"2026-06-14T16:11:22.797+08:00","1781424682798",525.382019,"2026-06-14T16:11:28.795+08:00","1781424688795",4,2,3,522.909973,"2026-06-14T16:11:26.323+08:00","1781424686323",4,"右脸",2,1,,,"","",,"",,,,"","",,"",,
"B001","G2G2","exp02","Exp2_003","loading_complete",525.382019,"2026-06-14T16:11:28.795+08:00","1781424688795","E1_SPATIAL_PROGRESSIVE",1,1,2,3,4,"右脸",2,4,"1:4|2:1|3:3|4:2",3,"1:3|2:3|3:3|4:3",1.000000,513.392212,"2026-06-14T16:11:16.805+08:00","1781424676805",525.382019,"2026-06-14T16:11:28.795+08:00","1781424688795",517.392273,"2026-06-14T16:11:20.805+08:00","1781424680805",519.384705,"2026-06-14T16:11:22.797+08:00","1781424682798",525.382019,"2026-06-14T16:11:28.795+08:00","1781424688795",519.384705,"2026-06-14T16:11:22.797+08:00","1781424682798",525.382019,"2026-06-14T16:11:28.795+08:00","1781424688795",4,2,3,522.909973,"2026-06-14T16:11:26.323+08:00","1781424686323",4,"右脸",2,1,,,"","",,"",,,,"","",,"",,
"B001","G2G2","exp02","Exp2_003","pending_selection",528.104248,"2026-06-14T16:11:31.517+08:00","1781424691517","E1_SPATIAL_PROGRESSIVE",1,1,2,3,4,"右脸",2,4,"1:4|2:1|3:3|4:2",3,"1:3|2:3|3:3|4:3",1.000000,513.392212,"2026-06-14T16:11:16.805+08:00","1781424676805",525.382019,"2026-06-14T16:11:28.795+08:00","1781424688795",517.392273,"2026-06-14T16:11:20.805+08:00","1781424680805",519.384705,"2026-06-14T16:11:22.797+08:00","1781424682798",525.382019,"2026-06-14T16:11:28.795+08:00","1781424688795",519.384705,"2026-06-14T16:11:22.797+08:00","1781424682798",525.382019,"2026-06-14T16:11:28.795+08:00","1781424688795",4,2,3,522.909973,"2026-06-14T16:11:26.323+08:00","1781424686323",4,"右脸",2,1,,528.104248,"2026-06-14T16:11:31.517+08:00","1781424691517",4,"右脸",2,1,,"","",,"",,
"B001","G2G2","exp02","Exp2_003","submit_selection",529.659790,"2026-06-14T16:11:33.072+08:00","1781424693073","E1_SPATIAL_PROGRESSIVE",1,1,2,3,4,"右脸",2,4,"1:4|2:1|3:3|4:2",3,"1:3|2:3|3:3|4:3",1.000000,513.392212,"2026-06-14T16:11:16.805+08:00","1781424676805",525.382019,"2026-06-14T16:11:28.795+08:00","1781424688795",517.392273,"2026-06-14T16:11:20.805+08:00","1781424680805",519.384705,"2026-06-14T16:11:22.797+08:00","1781424682798",525.382019,"2026-06-14T16:11:28.795+08:00","1781424688795",519.384705,"2026-06-14T16:11:22.797+08:00","1781424682798",525.382019,"2026-06-14T16:11:28.795+08:00","1781424688795",4,2,3,522.909973,"2026-06-14T16:11:26.323+08:00","1781424686323",4,"右脸",2,1,,528.104248,"2026-06-14T16:11:31.517+08:00","1781424691517",4,"右脸",2,1,529.659790,"2026-06-14T16:11:33.072+08:00","1781424693073",4,"右脸",2,1
"B001","G2G2","exp02","Exp2_004","trial_start",566.724304,"2026-06-14T16:12:10.137+08:00","1781424730137","E4_FIXED_NONPROGRESSIVE",0,0,2,4,2,"头顶",4,2,"1:2|2:4|3:3|4:1",0,"1:0|2:0|3:0|4:0",0.000000,566.724304,"2026-06-14T16:12:10.137+08:00","1781424730137",,"","",,"","",,"","",,"","",,"","",,"","",,,,,"","",,"",,,,,"","",,"",,,,"","",,"",,
"B001","G2G2","exp02","Exp2_004","object_stage_changed",578.726135,"2026-06-14T16:12:22.139+08:00","1781424742139","E4_FIXED_NONPROGRESSIVE",0,0,2,4,2,"头顶",4,2,"1:2|2:4|3:3|4:1",3,"1:3|2:0|3:0|4:0",1.000000,566.724304,"2026-06-14T16:12:10.137+08:00","1781424730137",578.726135,"2026-06-14T16:12:22.139+08:00","1781424742139",,"","",,"","",,"","",,"","",578.726135,"2026-06-14T16:12:22.139+08:00","1781424742139",1,0,3,,"","",,"",,,,,"","",,"",,,,"","",,"",,
"B001","G2G2","exp02","Exp2_004","stage_3_start",578.726135,"2026-06-14T16:12:22.139+08:00","1781424742139","E4_FIXED_NONPROGRESSIVE",0,0,2,4,2,"头顶",4,2,"1:2|2:4|3:3|4:1",3,"1:3|2:0|3:0|4:0",1.000000,566.724304,"2026-06-14T16:12:10.137+08:00","1781424730137",578.726135,"2026-06-14T16:12:22.139+08:00","1781424742139",,"","",,"","",578.726135,"2026-06-14T16:12:22.139+08:00","1781424742139",,"","",578.726135,"2026-06-14T16:12:22.139+08:00","1781424742139",1,0,3,,"","",,"",,,,,"","",,"",,,,"","",,"",,
"B001","G2G2","exp02","Exp2_004","object_stage_changed",578.726135,"2026-06-14T16:12:22.139+08:00","1781424742139","E4_FIXED_NONPROGRESSIVE",0,0,2,4,2,"头顶",4,2,"1:2|2:4|3:3|4:1",3,"1:3|2:3|3:0|4:0",1.000000,566.724304,"2026-06-14T16:12:10.137+08:00","1781424730137",578.726135,"2026-06-14T16:12:22.139+08:00","1781424742139",,"","",,"","",578.726135,"2026-06-14T16:12:22.139+08:00","1781424742139",,"","",578.726135,"2026-06-14T16:12:22.139+08:00","1781424742139",2,0,3,,"","",,"",,,,,"","",,"",,,,"","",,"",,
"B001","G2G2","exp02","Exp2_004","object_stage_changed",578.726135,"2026-06-14T16:12:22.139+08:00","1781424742139","E4_FIXED_NONPROGRESSIVE",0,0,2,4,2,"头顶",4,2,"1:2|2:4|3:3|4:1",3,"1:3|2:3|3:3|4:0",1.000000,566.724304,"2026-06-14T16:12:10.137+08:00","1781424730137",578.726135,"2026-06-14T16:12:22.139+08:00","1781424742139",,"","",,"","",578.726135,"2026-06-14T16:12:22.139+08:00","1781424742139",,"","",578.726135,"2026-06-14T16:12:22.139+08:00","1781424742139",3,0,3,,"","",,"",,,,,"","",,"",,,,"","",,"",,
"B001","G2G2","exp02","Exp2_004","object_stage_changed",578.726135,"2026-06-14T16:12:22.139+08:00","1781424742139","E4_FIXED_NONPROGRESSIVE",0,0,2,4,2,"头顶",4,2,"1:2|2:4|3:3|4:1",3,"1:3|2:3|3:3|4:3",1.000000,566.724304,"2026-06-14T16:12:10.137+08:00","1781424730137",578.726135,"2026-06-14T16:12:22.139+08:00","1781424742139",,"","",,"","",578.726135,"2026-06-14T16:12:22.139+08:00","1781424742139",,"","",578.726135,"2026-06-14T16:12:22.139+08:00","1781424742139",4,0,3,,"","",,"",,,,,"","",,"",,,,"","",,"",,
"B001","G2G2","exp02","Exp2_004","loading_complete",578.726135,"2026-06-14T16:12:22.139+08:00","1781424742139","E4_FIXED_NONPROGRESSIVE",0,0,2,4,2,"头顶",4,2,"1:2|2:4|3:3|4:1",3,"1:3|2:3|3:3|4:3",1.000000,566.724304,"2026-06-14T16:12:10.137+08:00","1781424730137",578.726135,"2026-06-14T16:12:22.139+08:00","1781424742139",,"","",,"","",578.726135,"2026-06-14T16:12:22.139+08:00","1781424742139",,"","",578.726135,"2026-06-14T16:12:22.139+08:00","1781424742139",4,0,3,,"","",,"",,,,,"","",,"",,,,"","",,"",,
"B001","G2G2","exp02","Exp2_004","pending_selection",585.269531,"2026-06-14T16:12:28.682+08:00","1781424748683","E4_FIXED_NONPROGRESSIVE",0,0,2,4,2,"头顶",4,2,"1:2|2:4|3:3|4:1",3,"1:3|2:3|3:3|4:3",1.000000,566.724304,"2026-06-14T16:12:10.137+08:00","1781424730137",578.726135,"2026-06-14T16:12:22.139+08:00","1781424742139",,"","",,"","",578.726135,"2026-06-14T16:12:22.139+08:00","1781424742139",,"","",578.726135,"2026-06-14T16:12:22.139+08:00","1781424742139",4,0,3,,"","",,"",,,,585.269531,"2026-06-14T16:12:28.682+08:00","1781424748683",2,"头顶",4,1,,"","",,"",,
"B001","G2G2","exp02","Exp2_004","submit_selection",586.303894,"2026-06-14T16:12:29.717+08:00","1781424749717","E4_FIXED_NONPROGRESSIVE",0,0,2,4,2,"头顶",4,2,"1:2|2:4|3:3|4:1",3,"1:3|2:3|3:3|4:3",1.000000,566.724304,"2026-06-14T16:12:10.137+08:00","1781424730137",578.726135,"2026-06-14T16:12:22.139+08:00","1781424742139",,"","",,"","",578.726135,"2026-06-14T16:12:22.139+08:00","1781424742139",,"","",578.726135,"2026-06-14T16:12:22.139+08:00","1781424742139",4,0,3,,"","",,"",,,,585.269531,"2026-06-14T16:12:28.682+08:00","1781424748683",2,"头顶",4,1,586.303894,"2026-06-14T16:12:29.717+08:00","1781424749717",2,"头顶",4,1
