event,participant,success,unix_ms,bjt,extra
"recording_start","P001",1,1780396435235,"2026-06-02T18:33:55.235+08:00","pid=5180 file=../../../../../../Project/UE5/Gallery/Saved/ScreenRecordings/P001_20260602_183354_screen.mkv ffmpeg=D:\Tools\ffmpeg\bin\ffmpeg.exe"
"recording_stop","NA",1,1780396443907,"2026-06-02T18:34:03.907+08:00","was_running=1 file=../../../../../../Project/UE5/Gallery/Saved/ScreenRecordings/P001_20260602_183354_screen.mkv"
"recording_start","P001",1,1780397022396,"2026-06-02T18:43:42.396+08:00","pid=25924 file=../../../../../../Project/UE5/Gallery/Saved/ScreenRecordings/P001_20260602_184342_screen.mkv ffmpeg=D:\Tools\ffmpeg\bin\ffmpeg.exe"
"recording_stop","NA",1,1780397029208,"2026-06-02T18:43:49.208+08:00","was_running=0 file=../../../../../../Project/UE5/Gallery/Saved/ScreenRecordings/P001_20260602_184342_screen.mkv"
"recording_start","P001",1,1780397083126,"2026-06-02T18:44:43.126+08:00","pid=31960 file=../../../../../../Project/UE5/Gallery/Saved/ScreenRecordings/P001_20260602_184443_screen.mkv ffmpeg=D:\Tools\ffmpeg\bin\ffmpeg.exe"
"recording_stop","NA",1,1780397100354,"2026-06-02T18:45:00.354+08:00","was_running=0 file=../../../../../../Project/UE5/Gallery/Saved/ScreenRecordings/P001_20260602_184443_screen.mkv"
"recording_start","P001",1,1780398180898,"2026-06-02T19:03:00.898+08:00","pid=34092 file=../../../../../../Project/UE5/Gallery/Saved/ScreenRecordings/P001_20260602_190300_screen.mkv ffmpeg=D:\Tools\ffmpeg\bin\ffmpeg.exe args=-y -f gdigrab -framerate 10 -draw_mouse 0 -i title=""Gallery 预览 [NetMode: Standalone 0]  （64-bit/PC D3D SM6）"" -vf scale=1280:-2 -c:v libx264 -preset ultrafast -crf 34 -pix_fmt yuv420p ""../../../../../../Project/UE5/Gallery/Saved/ScreenRecordings/P001_20260602_190300_screen.mkv"" mode=window_title title=Gallery 预览 [NetMode: Standalone 0]  （64-bit/PC D3D SM6）"
"recording_stop","NA",1,1780398188619,"2026-06-02T19:03:08.619+08:00","was_running=1 file=../../../../../../Project/UE5/Gallery/Saved/ScreenRecordings/P001_20260602_190300_screen.mkv size_bytes=86623"
"recording_start","P001",1,1780398255468,"2026-06-02T19:04:15.468+08:00","pid=29836 file=../../../../../../Project/UE5/Gallery/Saved/ScreenRecordings/P001_20260602_190415_screen.mkv ffmpeg=D:\Tools\ffmpeg\bin\ffmpeg.exe args=-y -f gdigrab -framerate 10 -draw_mouse 0 -i title=""Gallery 预览 [NetMode: Standalone 0]  （64-bit/PC D3D SM6）"" -vf scale=1280:-2 -c:v libx264 -preset ultrafast -crf 34 -pix_fmt yuv420p ""../../../../../../Project/UE5/Gallery/Saved/ScreenRecordings/P001_20260602_190415_screen.mkv"" mode=window_title title=Gallery 预览 [NetMode: Standalone 0]  （64-bit/PC D3D SM6）"
"recording_stop","NA",0,1780398265710,"2026-06-02T19:04:25.710+08:00","was_running=1 file=../../../../../../Project/UE5/Gallery/Saved/ScreenRecordings/P001_20260602_190415_screen.mkv size_bytes=0"
"recording_start","P001",1,1780398282347,"2026-06-02T19:04:42.347+08:00","pid=11640 file=../../../../../../Project/UE5/Gallery/Saved/ScreenRecordings/P001_20260602_190442_screen.mkv ffmpeg=D:\Tools\ffmpeg\bin\ffmpeg.exe args=-y -f gdigrab -framerate 10 -draw_mouse 0 -i title=""Gallery 预览 [NetMode: Standalone 0]  （64-bit/PC D3D SM6）"" -vf scale=1280:-2 -c:v libx264 -preset ultrafast -crf 34 -pix_fmt yuv420p ""../../../../../../Project/UE5/Gallery/Saved/ScreenRecordings/P001_20260602_190442_screen.mkv"" mode=window_title title=Gallery 预览 [NetMode: Standalone 0]  （64-bit/PC D3D SM6）"
"recording_stop","NA",0,1780398306734,"2026-06-02T19:05:06.734+08:00","was_running=1 file=../../../../../../Project/UE5/Gallery/Saved/ScreenRecordings/P001_20260602_190442_screen.mkv size_bytes=0"
"recording_start","P001",1,1780399456674,"2026-06-02T19:24:16.674+08:00","pid=15888 file=../../../../../../Project/UE5/Gallery/Saved/ScreenRecordings/P001_20260602_192416_screen.mkv ffmpeg=D:\Tools\ffmpeg\bin\ffmpeg.exe args=-y -f gdigrab -framerate 10 -draw_mouse 0 -offset_x 3456 -offset_y 0 -video_size 1920x1032 -i desktop -vf scale=1280:-2 -c:v libx264 -preset ultrafast -crf 34 -pix_fmt yuv420p ""../../../../../../Project/UE5/Gallery/Saved/ScreenRecordings/P001_20260602_192416_screen.mkv"" mode=window_title title=Gallery 预览 [NetMode: Standalone 0]  （64-bit/PC D3D SM6）"
"recording_stop","NA",1,1780399474877,"2026-06-02T19:24:34.877+08:00","was_running=1 file=../../../../../../Project/UE5/Gallery/Saved/ScreenRecordings/P001_20260602_192416_screen.mkv size_bytes=786432"
"recording_start","P001",1,1780399990276,"2026-06-02T19:33:10.276+08:00","pid=26588 file=../../../../../../Project/UE5/Gallery/Saved/ScreenRecordings/P001_20260602_193310_screen.mkv ffmpeg=D:\Tools\ffmpeg\bin\ffmpeg.exe args=-y -f gdigrab -framerate 15 -draw_mouse 0 -offset_x 3443 -offset_y 0 -video_size 1946x1106 -i desktop -vf scale=1920:-2 -c:v libx264 -preset ultrafast -crf 34 -pix_fmt yuv420p ""../../../../../../Project/UE5/Gallery/Saved/ScreenRecordings/P001_20260602_193310_screen.mkv"" mode=window_title title=Gallery 预览 [NetMode: Standalone 0]  （64-bit/PC D3D SM6）"
"recording_stop","NA",0,1780400022287,"2026-06-02T19:33:42.287+08:00","was_running=0 file=../../../../../../Project/UE5/Gallery/Saved/ScreenRecordings/P001_20260602_193310_screen.mkv size_bytes=-1"
"recording_start","P001",1,1780400059734,"2026-06-02T19:34:19.734+08:00","pid=16280 file=../../../../../../Project/UE5/Gallery/Saved/ScreenRecordings/P001_20260602_193419_screen.mkv ffmpeg=D:\Tools\ffmpeg\bin\ffmpeg.exe args=-y -f gdigrab -framerate 15 -draw_mouse 0 -offset_x 3456 -offset_y 0 -video_size 1920x1080 -i desktop -vf scale=1920:-2 -c:v libx264 -preset ultrafast -crf 34 -pix_fmt yuv420p ""../../../../../../Project/UE5/Gallery/Saved/ScreenRecordings/P001_20260602_193419_screen.mkv"" mode=window_title title=Gallery 预览 [NetMode: Standalone 0]  （64-bit/PC D3D SM6）"
"recording_stop","NA",1,1780400096002,"2026-06-02T19:34:56.002+08:00","was_running=1 file=../../../../../../Project/UE5/Gallery/Saved/ScreenRecordings/P001_20260602_193419_screen.mkv size_bytes=2883584"
"recording_start","P001",1,1780400580860,"2026-06-02T19:43:00.860+08:00","pid=16272 file=../../../../../../Project/UE5/Gallery/Saved/ScreenRecordings/P001_20260602_194300_screen.mkv ffmpeg=D:\Tools\ffmpeg\bin\ffmpeg.exe args=-y -f gdigrab -framerate 15 -draw_mouse 0 -offset_x 3456 -offset_y 0 -video_size 1920x1080 -i desktop -c:v libx264 -preset ultrafast -crf 32 -pix_fmt yuv420p ""../../../../../../Project/UE5/Gallery/Saved/ScreenRecordings/P001_20260602_194300_screen.mkv"" mode=window_title title=Gallery 预览 [NetMode: Standalone 0]  （64-bit/PC D3D SM6）"
"recording_stop","NA",1,1780400637483,"2026-06-02T19:43:57.483+08:00","was_running=1 file=../../../../../../Project/UE5/Gallery/Saved/ScreenRecordings/P001_20260602_194300_screen.mkv size_bytes=6029312"
"recording_start","P001",1,1780404277404,"2026-06-02T20:44:37.404+08:00","pid=11992 file=../../../../../../Project/UE5/Gallery/Saved/ScreenRecordings/P001_20260602_204437_screen.mkv ffmpeg=D:\Tools\ffmpeg\bin\ffmpeg.exe args=-y -f gdigrab -framerate 15 -draw_mouse 0 -offset_x 3456 -offset_y -262 -video_size 1920x1080 -i desktop -c:v libx264 -preset ultrafast -crf 30 -pix_fmt yuv420p ""../../../../../../Project/UE5/Gallery/Saved/ScreenRecordings/P001_20260602_204437_screen.mkv"" mode=window_title title=Gallery 预览 [NetMode: Standalone 0]  （64-bit/PC D3D SM6）"
"recording_stop","NA",1,1780404304838,"2026-06-02T20:45:04.838+08:00","was_running=1 file=../../../../../../Project/UE5/Gallery/Saved/ScreenRecordings/P001_20260602_204437_screen.mkv size_bytes=6029312"
"recording_start","P001",1,1780404964876,"2026-06-02T20:56:04.876+08:00","pid=28972 file=../../../../../../Project/UE5/Gallery/Saved/ScreenRecordings/P001_20260602_205604_screen.mkv ffmpeg=D:\Tools\ffmpeg\bin\ffmpeg.exe args=-y -f gdigrab -framerate 15 -draw_mouse 0 -offset_x 3456 -offset_y -262 -video_size 1920x1080 -i desktop -c:v libx264 -preset ultrafast -crf 30 -pix_fmt yuv420p ""../../../../../../Project/UE5/Gallery/Saved/ScreenRecordings/P001_20260602_205604_screen.mkv"" mode=window_title title=Gallery 预览 [NetMode: Standalone 0]  （64-bit/PC D3D SM6）"
"recording_stop","NA",1,1780404995865,"2026-06-02T20:56:35.865+08:00","was_running=1 graceful_q=1 forced=0 waited_ms=151 file=../../../../../../Project/UE5/Gallery/Saved/ScreenRecordings/P001_20260602_205604_screen.mkv size_bytes=7655399"
"recording_start","AOItest",1,1780738626488,"2026-06-06T17:37:06.488+08:00","pid=23188 file=../../../../../../Project/UE5/Gallery/Saved/ScreenRecordings/AOItest_20260606_173705_screen.mkv ffmpeg=D:\Tools\ffmpeg\bin\ffmpeg.exe args=-y -f gdigrab -framerate 15 -draw_mouse 0 -offset_x 3456 -offset_y -262 -video_size 1920x1080 -i desktop -c:v libx264 -preset ultrafast -crf 30 -pix_fmt yuv420p ""../../../../../../Project/UE5/Gallery/Saved/ScreenRecordings/AOItest_20260606_173705_screen.mkv"" mode=window_title title=Gallery 预览 [NetMode: Standalone 0]  （64-bit/PC D3D SM6）"
"recording_stop","NA",1,1780738632594,"2026-06-06T17:37:12.594+08:00","was_running=1 graceful_q=1 forced=0 waited_ms=151 file=../../../../../../Project/UE5/Gallery/Saved/ScreenRecordings/AOItest_20260606_173705_screen.mkv size_bytes=1102716"
"recording_start","aoitest",1,1780738699379,"2026-06-06T17:38:19.379+08:00","pid=29012 file=../../../../../../Project/UE5/Gallery/Saved/ScreenRecordings/aoitest_20260606_173819_screen.mkv ffmpeg=D:\Tools\ffmpeg\bin\ffmpeg.exe args=-y -f gdigrab -framerate 15 -draw_mouse 0 -offset_x 3456 -offset_y -262 -video_size 1920x1080 -i desktop -c:v libx264 -preset ultrafast -crf 30 -pix_fmt yuv420p ""../../../../../../Project/UE5/Gallery/Saved/ScreenRecordings/aoitest_20260606_173819_screen.mkv"" mode=window_title title=Gallery 预览 [NetMode: Standalone 0]  （64-bit/PC D3D SM6）"
"recording_stop","NA",1,1780738729443,"2026-06-06T17:38:49.443+08:00","was_running=1 graceful_q=1 forced=0 waited_ms=150 file=../../../../../../Project/UE5/Gallery/Saved/ScreenRecordings/aoitest_20260606_173819_screen.mkv size_bytes=7583069"
"recording_start","AOItestV2",1,1780746612857,"2026-06-06T19:50:12.857+08:00","pid=1824 file=../../../../../../Project/UE5/Gallery/Saved/ScreenRecordings/AOItestV2_20260606_195012_screen.mkv ffmpeg=D:\Tools\ffmpeg\bin\ffmpeg.exe args=-y -f gdigrab -framerate 15 -draw_mouse 0 -offset_x 3456 -offset_y -262 -video_size 1920x1080 -i desktop -c:v libx264 -preset ultrafast -crf 30 -pix_fmt yuv420p ""../../../../../../Project/UE5/Gallery/Saved/ScreenRecordings/AOItestV2_20260606_195012_screen.mkv"" mode=window_title title=Gallery 预览 [NetMode: Standalone 0]  （64-bit/PC D3D SM6） recording_start_world_sec=10.469888 recording_start_unix_ms=1780746612162 recording_start_bjt=2026-06-06T19:50:12.162+08:00"
"recording_stop","NA",1,1780746645238,"2026-06-06T19:50:45.238+08:00","was_running=1 graceful_q=1 forced=0 waited_ms=151 file=../../../../../../Project/UE5/Gallery/Saved/ScreenRecordings/AOItestV2_20260606_195012_screen.mkv size_bytes=8254006"
"recording_start","FullTrialRecordTEST",1,1780747169260,"2026-06-06T19:59:29.260+08:00","pid=23276 file=../../../../../../Project/UE5/Gallery/Saved/ScreenRecordings/FullTrialRecordTEST_20260606_195929_screen.mkv ffmpeg=D:\Tools\ffmpeg\bin\ffmpeg.exe args=-y -f gdigrab -framerate 15 -draw_mouse 0 -offset_x 3456 -offset_y -262 -video_size 1920x1080 -i desktop -c:v libx264 -preset ultrafast -crf 30 -pix_fmt yuv420p ""../../../../../../Project/UE5/Gallery/Saved/ScreenRecordings/FullTrialRecordTEST_20260606_195929_screen.mkv"" mode=window_title title=Gallery 预览 [NetMode: Standalone 0]  （64-bit/PC D3D SM6） recording_start_world_sec=18.485098 recording_start_unix_ms=1780747169247 recording_start_bjt=2026-06-06T19:59:29.247+08:00"
"recording_stop","NA",1,1780747414284,"2026-06-06T20:03:34.284+08:00","was_running=1 graceful_q=1 forced=0 waited_ms=151 file=../../../../../../Project/UE5/Gallery/Saved/ScreenRecordings/FullTrialRecordTEST_20260606_195929_screen.mkv size_bytes=41791518"
"recording_start","AOITESTV3",1,1780748014393,"2026-06-06T20:13:34.393+08:00","pid=11848 file=../../../../../../Project/UE5/Gallery/Saved/ScreenRecordings/AOITESTV3_20260606_201333_screen.mkv ffmpeg=D:\Tools\ffmpeg\bin\ffmpeg.exe args=-y -f gdigrab -framerate 15 -draw_mouse 0 -offset_x 3456 -offset_y -262 -video_size 1920x1080 -i desktop -c:v libx264 -preset ultrafast -crf 30 -pix_fmt yuv420p ""../../../../../../Project/UE5/Gallery/Saved/ScreenRecordings/AOITESTV3_20260606_201333_screen.mkv"" mode=window_title title=Gallery 预览 [NetMode: Standalone 0]  （64-bit/PC D3D SM6） recording_start_world_sec=8.774642 recording_start_unix_ms=1780748013776 recording_start_bjt=2026-06-06T20:13:33.776+08:00"
"recording_stop","NA",1,1780748038431,"2026-06-06T20:13:58.431+08:00","was_running=1 graceful_q=1 forced=0 waited_ms=151 file=../../../../../../Project/UE5/Gallery/Saved/ScreenRecordings/AOITESTV3_20260606_201333_screen.mkv size_bytes=6071489"
"recording_start","testvid",1,1780751868400,"2026-06-06T21:17:48.400+08:00","pid=2368 file=../../../../../../Project/UE5/Gallery/Saved/ScreenRecordings/testvid_20260606_211747_screen.mkv ffmpeg=D:\Tools\ffmpeg\bin\ffmpeg.exe args=-y -f gdigrab -framerate 15 -draw_mouse 0 -offset_x 3456 -offset_y -262 -video_size 1920x1080 -i desktop -c:v libx264 -preset ultrafast -crf 30 -pix_fmt yuv420p ""../../../../../../Project/UE5/Gallery/Saved/ScreenRecordings/testvid_20260606_211747_screen.mkv"" mode=window_title title=Gallery 预览 [NetMode: Standalone 0]  （64-bit/PC D3D SM6） recording_start_world_sec=9.079912 recording_start_unix_ms=1780751867533 recording_start_bjt=2026-06-06T21:17:47.533+08:00"
"recording_stop","NA",1,1780751874021,"2026-06-06T21:17:54.021+08:00","was_running=1 graceful_q=1 forced=0 waited_ms=152 file=../../../../../../Project/UE5/Gallery/Saved/ScreenRecordings/testvid_20260606_211747_screen.mkv size_bytes=1788973"
"recording_start","P001",1,1780751895514,"2026-06-06T21:18:15.514+08:00","pid=25044 file=../../../../../../Project/UE5/Gallery/Saved/ScreenRecordings/P001_20260606_211815_screen.mkv ffmpeg=D:\Tools\ffmpeg\bin\ffmpeg.exe args=-y -f gdigrab -framerate 15 -draw_mouse 0 -offset_x 3456 -offset_y -262 -video_size 1920x1080 -i desktop -c:v libx264 -preset ultrafast -crf 30 -pix_fmt yuv420p ""../../../../../../Project/UE5/Gallery/Saved/ScreenRecordings/P001_20260606_211815_screen.mkv"" mode=window_title title=Gallery 预览 [NetMode: Standalone 0]  （64-bit/PC D3D SM6） recording_start_world_sec=2.115279 recording_start_unix_ms=1780751895507 recording_start_bjt=2026-06-06T21:18:15.507+08:00"
"recording_stop","NA",1,1780751920509,"2026-06-06T21:18:40.509+08:00","was_running=1 graceful_q=1 forced=0 waited_ms=151 file=../../../../../../Project/UE5/Gallery/Saved/ScreenRecordings/P001_20260606_211815_screen.mkv size_bytes=7797358"
"recording_start","P001",1,1780754132877,"2026-06-06T21:55:32.877+08:00","pid=15120 file=../../../../../../Project/UE5/Gallery/Saved/ScreenRecordings/P001_20260606_215532_screen.mkv ffmpeg=D:\Tools\ffmpeg\bin\ffmpeg.exe args=-y -f gdigrab -framerate 15 -draw_mouse 0 -offset_x 3456 -offset_y -262 -video_size 1920x1080 -i desktop -c:v libx264 -preset ultrafast -crf 30 -pix_fmt yuv420p ""../../../../../../Project/UE5/Gallery/Saved/ScreenRecordings/P001_20260606_215532_screen.mkv"" mode=window_title title=Gallery 预览 [NetMode: Standalone 0]  （64-bit/PC D3D SM6） recording_start_world_sec=2.573870 recording_start_unix_ms=1780754132863 recording_start_bjt=2026-06-06T21:55:32.863+08:00"
"recording_stop","NA",1,1780754198540,"2026-06-06T21:56:38.540+08:00","was_running=1 graceful_q=1 forced=0 waited_ms=201 file=../../../../../../Project/UE5/Gallery/Saved/ScreenRecordings/P001_20260606_215532_screen.mkv size_bytes=13080998"
"recording_start","AOITESTV5",1,1780756044875,"2026-06-06T22:27:24.875+08:00","pid=10728 file=../../../../../../Project/UE5/Gallery/Saved/ScreenRecordings/AOITESTV5_20260606_222723_screen.mkv ffmpeg=D:\Tools\ffmpeg\bin\ffmpeg.exe args=-y -f gdigrab -framerate 15 -draw_mouse 0 -offset_x 3456 -offset_y -262 -video_size 1920x1080 -i desktop -c:v libx264 -preset ultrafast -crf 30 -pix_fmt yuv420p ""../../../../../../Project/UE5/Gallery/Saved/ScreenRecordings/AOITESTV5_20260606_222723_screen.mkv"" mode=window_title title=Gallery 预览 [NetMode: Standalone 0]  （64-bit/PC D3D SM6） recording_start_world_sec=6.618235 recording_start_unix_ms=1780756043946 recording_start_bjt=2026-06-06T22:27:23.946+08:00"
"recording_stop","NA",1,1780756101309,"2026-06-06T22:28:21.309+08:00","was_running=1 graceful_q=1 forced=0 waited_ms=202 file=../../../../../../Project/UE5/Gallery/Saved/ScreenRecordings/AOITESTV5_20260606_222723_screen.mkv size_bytes=10068637"
"recording_start","AOITESTV5",1,1780756211542,"2026-06-06T22:30:11.542+08:00","pid=39692 file=../../../../../../Project/UE5/Gallery/Saved/ScreenRecordings/AOITESTV5_20260606_223011_screen.mkv ffmpeg=D:\Tools\ffmpeg\bin\ffmpeg.exe args=-y -f gdigrab -framerate 15 -draw_mouse 0 -offset_x 3456 -offset_y -262 -video_size 1920x1080 -i desktop -c:v libx264 -preset ultrafast -crf 30 -pix_fmt yuv420p ""../../../../../../Project/UE5/Gallery/Saved/ScreenRecordings/AOITESTV5_20260606_223011_screen.mkv"" mode=window_title title=Gallery 预览 [NetMode: Standalone 0]  （64-bit/PC D3D SM6） recording_start_world_sec=12.249509 recording_start_unix_ms=1780756211532 recording_start_bjt=2026-06-06T22:30:11.532+08:00"
"recording_stop","NA",1,1780756331205,"2026-06-06T22:32:11.205+08:00","was_running=1 graceful_q=1 forced=0 waited_ms=201 file=../../../../../../Project/UE5/Gallery/Saved/ScreenRecordings/AOITESTV5_20260606_223011_screen.mkv size_bytes=25626867"
"recording_start","FulltrialTest",1,1780898295930,"2026-06-08T13:58:15.930+08:00","pid=7228 file=../../../../../../Project/UE5/Gallery/Saved/ScreenRecordings/FulltrialTest_20260608_135815_screen.mkv ffmpeg=D:\Tools\ffmpeg\bin\ffmpeg.exe args=-y -f gdigrab -framerate 15 -draw_mouse 0 -offset_x 3456 -offset_y -262 -video_size 1920x1080 -i desktop -c:v libx264 -preset ultrafast -crf 30 -pix_fmt yuv420p ""../../../../../../Project/UE5/Gallery/Saved/ScreenRecordings/FulltrialTest_20260608_135815_screen.mkv"" mode=window_title title=Gallery 预览 [NetMode: Standalone 0]  （64-bit/PC D3D SM6） recording_start_world_sec=18.938980 recording_start_unix_ms=1780898295098 recording_start_bjt=2026-06-08T13:58:15.098+08:00"
"recording_stop","NA",1,1780898497705,"2026-06-08T14:01:37.705+08:00","was_running=1 graceful_q=1 forced=0 waited_ms=151 file=../../../../../../Project/UE5/Gallery/Saved/ScreenRecordings/FulltrialTest_20260608_135815_screen.mkv size_bytes=24624360"
"recording_start","P001",1,1781093383965,"2026-06-10T20:09:43.965+08:00","pid=27092 file=../../../../../../Project/UE5/Gallery/Saved/ScreenRecordings/P001_20260610_200943_screen.mkv ffmpeg=D:\Tools\ffmpeg\bin\ffmpeg.exe args=-y -f gdigrab -framerate 15 -draw_mouse 0 -offset_x 0 -offset_y -1080 -video_size 1920x1080 -i desktop -c:v libx264 -preset ultrafast -crf 30 -pix_fmt yuv420p ""../../../../../../Project/UE5/Gallery/Saved/ScreenRecordings/P001_20260610_200943_screen.mkv"" mode=window_title title=Gallery 预览 [NetMode: Standalone 0]  （64-bit/PC D3D SM6） recording_start_world_sec=5.845528 recording_start_unix_ms=1781093383356 recording_start_bjt=2026-06-10T20:09:43.356+08:00"
"recording_stop","NA",1,1781093393351,"2026-06-10T20:09:53.351+08:00","was_running=1 graceful_q=1 forced=0 waited_ms=101 file=../../../../../../Project/UE5/Gallery/Saved/ScreenRecordings/P001_20260610_200943_screen.mkv size_bytes=2538284"
"recording_start","P001",1,1781093940641,"2026-06-10T20:19:00.641+08:00","pid=9280 file=../../../../../../Project/UE5/Gallery/Saved/ScreenRecordings/P001_20260610_201900_screen.mkv ffmpeg=D:\Tools\ffmpeg\bin\ffmpeg.exe args=-y -f gdigrab -framerate 15 -draw_mouse 0 -offset_x 0 -offset_y 0 -video_size 1920x1080 -i desktop -c:v libx264 -preset ultrafast -crf 30 -pix_fmt yuv420p ""../../../../../../Project/UE5/Gallery/Saved/ScreenRecordings/P001_20260610_201900_screen.mkv"" mode=window_title title=Gallery 预览 [NetMode: Standalone 0]  （64-bit/PC D3D SM6） recording_start_world_sec=2.550433 recording_start_unix_ms=1781093940132 recording_start_bjt=2026-06-10T20:19:00.132+08:00"
"recording_stop","NA",1,1781093967764,"2026-06-10T20:19:27.764+08:00","was_running=1 graceful_q=1 forced=0 waited_ms=151 file=../../../../../../Project/UE5/Gallery/Saved/ScreenRecordings/P001_20260610_201900_screen.mkv size_bytes=5861365"
"recording_start","610FullTrialTest",1,1781099370625,"2026-06-10T21:49:30.625+08:00","pid=19288 file=../../../../../../Project/UE5/Gallery/Saved/ScreenRecordings/610FullTrialTest_20260610_214930_screen.mkv ffmpeg=D:\Tools\ffmpeg\bin\ffmpeg.exe args=-y -f gdigrab -framerate 15 -draw_mouse 0 -offset_x 0 -offset_y 0 -video_size 1920x1080 -i desktop -c:v libx264 -preset ultrafast -crf 30 -pix_fmt yuv420p ""../../../../../../Project/UE5/Gallery/Saved/ScreenRecordings/610FullTrialTest_20260610_214930_screen.mkv"" mode=window_title title=Gallery 预览 [NetMode: Standalone 0]  （64-bit/PC D3D SM6） recording_start_world_sec=385.355347 recording_start_unix_ms=1781099370071 recording_start_bjt=2026-06-10T21:49:30.071+08:00"
"recording_stop","NA",1,1781099868297,"2026-06-10T21:57:48.297+08:00","was_running=1 graceful_q=1 forced=0 waited_ms=100 file=../../../../../../Project/UE5/Gallery/Saved/ScreenRecordings/610FullTrialTest_20260610_214930_screen.mkv size_bytes=93125183"
"recording_start","BAOItest",1,1781172176866,"2026-06-11T18:02:56.866+08:00","pid=26852 file=../../../../../../Project/UE5/Gallery/Saved/ScreenRecordings/BAOItest_20260611_180256_screen.mkv ffmpeg=D:\Tools\ffmpeg\bin\ffmpeg.exe args=-y -f gdigrab -framerate 15 -draw_mouse 0 -offset_x 0 -offset_y 0 -video_size 1920x1080 -i desktop -c:v libx264 -preset ultrafast -crf 30 -pix_fmt yuv420p ""../../../../../../Project/UE5/Gallery/Saved/ScreenRecordings/BAOItest_20260611_180256_screen.mkv"" mode=window_title title=Gallery 预览 [NetMode: Standalone 0]  （64-bit/PC D3D SM6） recording_start_world_sec=10.966372 recording_start_unix_ms=1781172176303 recording_start_bjt=2026-06-11T18:02:56.303+08:00"
"recording_stop","NA",1,1781172201115,"2026-06-11T18:03:21.115+08:00","was_running=1 graceful_q=1 forced=0 waited_ms=152 file=../../../../../../Project/UE5/Gallery/Saved/ScreenRecordings/BAOItest_20260611_180256_screen.mkv size_bytes=573857"
"recording_start","BAOIV2",1,1781172394545,"2026-06-11T18:06:34.545+08:00","pid=35488 file=../../../../../../Project/UE5/Gallery/Saved/ScreenRecordings/BAOIV2_20260611_180634_screen.mkv ffmpeg=D:\Tools\ffmpeg\bin\ffmpeg.exe args=-y -f gdigrab -framerate 15 -draw_mouse 0 -offset_x 3456 -offset_y -262 -video_size 1920x1080 -i desktop -c:v libx264 -preset ultrafast -crf 30 -pix_fmt yuv420p ""../../../../../../Project/UE5/Gallery/Saved/ScreenRecordings/BAOIV2_20260611_180634_screen.mkv"" mode=window_title title=Gallery 预览 [NetMode: Standalone 0]  （64-bit/PC D3D SM6） recording_start_world_sec=11.575227 recording_start_unix_ms=1781172394535 recording_start_bjt=2026-06-11T18:06:34.535+08:00"
"recording_stop","NA",1,1781172415118,"2026-06-11T18:06:55.118+08:00","was_running=1 graceful_q=1 forced=0 waited_ms=202 file=../../../../../../Project/UE5/Gallery/Saved/ScreenRecordings/BAOIV2_20260611_180634_screen.mkv size_bytes=5789537"
"recording_start","BAOItestV3",1,1781172630144,"2026-06-11T18:10:30.144+08:00","pid=28740 file=../../../../../../Project/UE5/Gallery/Saved/ScreenRecordings/BAOItestV3_20260611_181030_screen.mkv ffmpeg=D:\Tools\ffmpeg\bin\ffmpeg.exe args=-y -f gdigrab -framerate 15 -draw_mouse 0 -offset_x 3456 -offset_y -262 -video_size 1920x1080 -i desktop -c:v libx264 -preset ultrafast -crf 30 -pix_fmt yuv420p ""../../../../../../Project/UE5/Gallery/Saved/ScreenRecordings/BAOItestV3_20260611_181030_screen.mkv"" mode=window_title title=Gallery 预览 [NetMode: Standalone 0]  （64-bit/PC D3D SM6） recording_start_world_sec=13.362742 recording_start_unix_ms=1781172630131 recording_start_bjt=2026-06-11T18:10:30.131+08:00"
"recording_stop","NA",1,1781172649831,"2026-06-11T18:10:49.831+08:00","was_running=1 graceful_q=1 forced=0 waited_ms=151 file=../../../../../../Project/UE5/Gallery/Saved/ScreenRecordings/BAOItestV3_20260611_181030_screen.mkv size_bytes=5111146"
"recording_start","BAOIV4",1,1781173671103,"2026-06-11T18:27:51.103+08:00","pid=20416 file=../../../../../../Project/UE5/Gallery/Saved/ScreenRecordings/BAOIV4_20260611_182750_screen.mkv ffmpeg=D:\Tools\ffmpeg\bin\ffmpeg.exe args=-y -f gdigrab -framerate 15 -draw_mouse 0 -offset_x 3456 -offset_y -262 -video_size 1920x1080 -i desktop -c:v libx264 -preset ultrafast -crf 30 -pix_fmt yuv420p ""../../../../../../Project/UE5/Gallery/Saved/ScreenRecordings/BAOIV4_20260611_182750_screen.mkv"" mode=window_title title=Gallery 预览 [NetMode: Standalone 0]  （64-bit/PC D3D SM6） recording_start_world_sec=13.385123 recording_start_unix_ms=1781173670527 recording_start_bjt=2026-06-11T18:27:50.527+08:00"
"recording_stop","NA",1,1781173690204,"2026-06-11T18:28:10.204+08:00","was_running=1 graceful_q=1 forced=0 waited_ms=100 file=../../../../../../Project/UE5/Gallery/Saved/ScreenRecordings/BAOIV4_20260611_182750_screen.mkv size_bytes=4883644"
"recording_start","ONscrtest",1,1781177469144,"2026-06-11T19:31:09.144+08:00","pid=18956 file=../../../../../../Project/UE5/Gallery/Saved/ScreenRecordings/ONscrtest_20260611_193108_screen.mkv ffmpeg=D:\Tools\ffmpeg\bin\ffmpeg.exe args=-y -f gdigrab -framerate 15 -draw_mouse 0 -offset_x 3456 -offset_y -262 -video_size 1920x1080 -i desktop -c:v libx264 -preset ultrafast -crf 30 -pix_fmt yuv420p ""../../../../../../Project/UE5/Gallery/Saved/ScreenRecordings/ONscrtest_20260611_193108_screen.mkv"" mode=window_title title=Gallery 预览 [NetMode: Standalone 0]  （64-bit/PC D3D SM6） recording_start_world_sec=13.645011 recording_start_unix_ms=1781177468270 recording_start_bjt=2026-06-11T19:31:08.270+08:00"
"recording_stop","NA",1,1781177532991,"2026-06-11T19:32:12.991+08:00","was_running=1 graceful_q=1 forced=0 waited_ms=101 file=../../../../../../Project/UE5/Gallery/Saved/ScreenRecordings/ONscrtest_20260611_193108_screen.mkv size_bytes=9384596"
"recording_start","P001",1,1781187721892,"2026-06-11T22:22:01.892+08:00","pid=17176 file=../../../../../../Project/UE5/Gallery/Saved/ScreenRecordings/P001_20260611_222201_screen.mkv ffmpeg=D:\Tools\ffmpeg\bin\ffmpeg.exe args=-y -f gdigrab -framerate 15 -draw_mouse 0 -offset_x 0 -offset_y -1080 -video_size 1920x1080 -i desktop -c:v libx264 -preset ultrafast -crf 30 -pix_fmt yuv420p ""../../../../../../Project/UE5/Gallery/Saved/ScreenRecordings/P001_20260611_222201_screen.mkv"" mode=window_title title=Gallery 预览 [NetMode: Standalone 0]  （64-bit/PC D3D SM6） recording_start_world_sec=6.511649 recording_start_unix_ms=1781187721354 recording_start_bjt=2026-06-11T22:22:01.354+08:00"
"recording_stop","NA",1,1781187739702,"2026-06-11T22:22:19.702+08:00","was_running=1 graceful_q=1 forced=0 waited_ms=151 file=../../../../../../Project/UE5/Gallery/Saved/ScreenRecordings/P001_20260611_222201_screen.mkv size_bytes=5622748"
"recording_start","AAAFE",1,1781224493171,"2026-06-12T08:34:53.171+08:00","pid=14136 file=../../../../../../Project/UE5/Gallery/Saved/ScreenRecordings/AAAFE_20260612_083452_screen.mkv ffmpeg=D:\Tools\ffmpeg\bin\ffmpeg.exe args=-y -f gdigrab -framerate 15 -draw_mouse 0 -offset_x 0 -offset_y -1080 -video_size 1920x1080 -i desktop -c:v libx264 -preset ultrafast -crf 30 -pix_fmt yuv420p ""../../../../../../Project/UE5/Gallery/Saved/ScreenRecordings/AAAFE_20260612_083452_screen.mkv"" mode=window_title title=Gallery 预览 [NetMode: Standalone 0]  （64-bit/PC D3D SM6） recording_start_world_sec=27.807650 recording_start_unix_ms=1781224492688 recording_start_bjt=2026-06-12T08:34:52.688+08:00"
"recording_stop","NA",1,1781224501262,"2026-06-12T08:35:01.262+08:00","was_running=1 graceful_q=1 forced=0 waited_ms=101 file=../../../../../../Project/UE5/Gallery/Saved/ScreenRecordings/AAAFE_20260612_083452_screen.mkv size_bytes=3012100"
"recording_start","AAAFM",1,1781224559101,"2026-06-12T08:35:59.101+08:00","pid=25892 file=../../../../../../Project/UE5/Gallery/Saved/ScreenRecordings/AAAFM_20260612_083559_screen.mkv ffmpeg=D:\Tools\ffmpeg\bin\ffmpeg.exe args=-y -f gdigrab -framerate 15 -draw_mouse 0 -offset_x 0 -offset_y -1080 -video_size 1920x1080 -i desktop -c:v libx264 -preset ultrafast -crf 30 -pix_fmt yuv420p ""../../../../../../Project/UE5/Gallery/Saved/ScreenRecordings/AAAFM_20260612_083559_screen.mkv"" mode=window_title title=Gallery 预览 [NetMode: Standalone 0]  （64-bit/PC D3D SM6） recording_start_world_sec=6.867267 recording_start_unix_ms=1781224559097 recording_start_bjt=2026-06-12T08:35:59.097+08:00"
"recording_stop","NA",1,1781224561434,"2026-06-12T08:36:01.434+08:00","was_running=1 graceful_q=1 forced=0 waited_ms=151 file=../../../../../../Project/UE5/Gallery/Saved/ScreenRecordings/AAAFM_20260612_083559_screen.mkv size_bytes=47883"
"recording_start","P001",1,1781224579131,"2026-06-12T08:36:19.131+08:00","pid=27356 file=../../../../../../Project/UE5/Gallery/Saved/ScreenRecordings/P001_20260612_083619_screen.mkv ffmpeg=D:\Tools\ffmpeg\bin\ffmpeg.exe args=-y -f gdigrab -framerate 15 -draw_mouse 0 -offset_x 0 -offset_y -1080 -video_size 1920x1080 -i desktop -c:v libx264 -preset ultrafast -crf 30 -pix_fmt yuv420p ""../../../../../../Project/UE5/Gallery/Saved/ScreenRecordings/P001_20260612_083619_screen.mkv"" mode=window_title title=Gallery 预览 [NetMode: Standalone 0]  （64-bit/PC D3D SM6） recording_start_world_sec=8.569896 recording_start_unix_ms=1781224579128 recording_start_bjt=2026-06-12T08:36:19.128+08:00"
"recording_stop","NA",1,1781224612891,"2026-06-12T08:36:52.891+08:00","was_running=1 graceful_q=1 forced=0 waited_ms=100 file=../../../../../../Project/UE5/Gallery/Saved/ScreenRecordings/P001_20260612_083619_screen.mkv size_bytes=7508478"
"recording_start","A001",1,1781226244939,"2026-06-12T09:04:04.939+08:00","pid=19604 file=../../../../../../Project/UE5/Gallery/Saved/ScreenRecordings/A001_20260612_090404_screen.mkv ffmpeg=D:\Tools\ffmpeg\bin\ffmpeg.exe args=-y -f gdigrab -framerate 15 -draw_mouse 0 -offset_x 0 -offset_y -1080 -video_size 1920x1080 -i desktop -c:v libx264 -preset ultrafast -crf 30 -pix_fmt yuv420p ""../../../../../../Project/UE5/Gallery/Saved/ScreenRecordings/A001_20260612_090404_screen.mkv"" mode=window_title title=Gallery 预览 [NetMode: Standalone 0]  （64-bit/PC D3D SM6） recording_start_world_sec=18.986605 recording_start_unix_ms=1781226244430 recording_start_bjt=2026-06-12T09:04:04.430+08:00"
"recording_stop","NA",1,1781227296292,"2026-06-12T09:21:36.292+08:00","was_running=1 graceful_q=1 forced=0 waited_ms=201 file=../../../../../../Project/UE5/Gallery/Saved/ScreenRecordings/A001_20260612_090404_screen.mkv size_bytes=97488960"
"recording_start","A002",1,1781228073992,"2026-06-12T09:34:33.992+08:00","pid=22744 file=../../../../../../Project/UE5/Gallery/Saved/ScreenRecordings/A002_20260612_093433_screen.mkv ffmpeg=D:\Tools\ffmpeg\bin\ffmpeg.exe args=-y -f gdigrab -framerate 15 -draw_mouse 0 -offset_x 0 -offset_y -1080 -video_size 1920x1080 -i desktop -c:v libx264 -preset ultrafast -crf 30 -pix_fmt yuv420p ""../../../../../../Project/UE5/Gallery/Saved/ScreenRecordings/A002_20260612_093433_screen.mkv"" mode=window_title title=Gallery 预览 [NetMode: Standalone 0]  （64-bit/PC D3D SM6） recording_start_world_sec=21.617176 recording_start_unix_ms=1781228073989 recording_start_bjt=2026-06-12T09:34:33.989+08:00"
"recording_stop","NA",1,1781229101053,"2026-06-12T09:51:41.053+08:00","was_running=1 graceful_q=1 forced=0 waited_ms=100 file=../../../../../../Project/UE5/Gallery/Saved/ScreenRecordings/A002_20260612_093433_screen.mkv size_bytes=93316866"
"recording_start","A003",1,1781229937466,"2026-06-12T10:05:37.466+08:00","pid=19460 file=../../../../../../Project/UE5/Gallery/Saved/ScreenRecordings/A003_20260612_100537_screen.mkv ffmpeg=D:\Tools\ffmpeg\bin\ffmpeg.exe args=-y -f gdigrab -framerate 15 -draw_mouse 0 -offset_x 0 -offset_y -1080 -video_size 1920x1080 -i desktop -c:v libx264 -preset ultrafast -crf 30 -pix_fmt yuv420p ""../../../../../../Project/UE5/Gallery/Saved/ScreenRecordings/A003_20260612_100537_screen.mkv"" mode=window_title title=Gallery 预览 [NetMode: Standalone 0]  （64-bit/PC D3D SM6） recording_start_world_sec=18.608109 recording_start_unix_ms=1781229937462 recording_start_bjt=2026-06-12T10:05:37.462+08:00"
"recording_stop","NA",1,1781231417592,"2026-06-12T10:30:17.592+08:00","was_running=1 graceful_q=1 forced=0 waited_ms=151 file=../../../../../../Project/UE5/Gallery/Saved/ScreenRecordings/A003_20260612_100537_screen.mkv size_bytes=132010225"
"recording_start","A004",1,1781231921531,"2026-06-12T10:38:41.531+08:00","pid=6524 file=../../../../../../Project/UE5/Gallery/Saved/ScreenRecordings/A004_20260612_103841_screen.mkv ffmpeg=D:\Tools\ffmpeg\bin\ffmpeg.exe args=-y -f gdigrab -framerate 15 -draw_mouse 0 -offset_x 0 -offset_y -1080 -video_size 1920x1080 -i desktop -c:v libx264 -preset ultrafast -crf 30 -pix_fmt yuv420p ""../../../../../../Project/UE5/Gallery/Saved/ScreenRecordings/A004_20260612_103841_screen.mkv"" mode=window_title title=Gallery 预览 [NetMode: Standalone 0]  （64-bit/PC D3D SM6） recording_start_world_sec=16.335209 recording_start_unix_ms=1781231921528 recording_start_bjt=2026-06-12T10:38:41.528+08:00"
"recording_stop","NA",1,1781233211037,"2026-06-12T11:00:11.037+08:00","was_running=1 graceful_q=1 forced=0 waited_ms=101 file=../../../../../../Project/UE5/Gallery/Saved/ScreenRecordings/A004_20260612_103841_screen.mkv size_bytes=101270478"
"recording_start","A005",1,1781233646266,"2026-06-12T11:07:26.266+08:00","pid=12160 file=../../../../../../Project/UE5/Gallery/Saved/ScreenRecordings/A005_20260612_110726_screen.mkv ffmpeg=D:\Tools\ffmpeg\bin\ffmpeg.exe args=-y -f gdigrab -framerate 15 -draw_mouse 0 -offset_x 0 -offset_y -1080 -video_size 1920x1080 -i desktop -c:v libx264 -preset ultrafast -crf 30 -pix_fmt yuv420p ""../../../../../../Project/UE5/Gallery/Saved/ScreenRecordings/A005_20260612_110726_screen.mkv"" mode=window_title title=Gallery 预览 [NetMode: Standalone 0]  （64-bit/PC D3D SM6） recording_start_world_sec=109.519493 recording_start_unix_ms=1781233646262 recording_start_bjt=2026-06-12T11:07:26.262+08:00"
"recording_stop","NA",1,1781234926829,"2026-06-12T11:28:46.829+08:00","was_running=1 graceful_q=1 forced=0 waited_ms=101 file=../../../../../../Project/UE5/Gallery/Saved/ScreenRecordings/A005_20260612_110726_screen.mkv size_bytes=117601625"
"recording_start","A006",1,1781236101893,"2026-06-12T11:48:21.893+08:00","pid=18484 file=../../../../../../Project/UE5/Gallery/Saved/ScreenRecordings/A006_20260612_114821_screen.mkv ffmpeg=D:\Tools\ffmpeg\bin\ffmpeg.exe args=-y -f gdigrab -framerate 15 -draw_mouse 0 -offset_x 0 -offset_y -1080 -video_size 1920x1080 -i desktop -c:v libx264 -preset ultrafast -crf 30 -pix_fmt yuv420p ""../../../../../../Project/UE5/Gallery/Saved/ScreenRecordings/A006_20260612_114821_screen.mkv"" mode=window_title title=Gallery 预览 [NetMode: Standalone 0]  （64-bit/PC D3D SM6） recording_start_world_sec=55.999111 recording_start_unix_ms=1781236101890 recording_start_bjt=2026-06-12T11:48:21.890+08:00"
"recording_stop","NA",1,1781237252954,"2026-06-12T12:07:32.954+08:00","was_running=1 graceful_q=1 forced=0 waited_ms=151 file=../../../../../../Project/UE5/Gallery/Saved/ScreenRecordings/A006_20260612_114821_screen.mkv size_bytes=121160840"
"recording_start","A007",1,1781242120179,"2026-06-12T13:28:40.179+08:00","pid=23560 file=../../../../../../Project/UE5/Gallery/Saved/ScreenRecordings/A007_20260612_132839_screen.mkv ffmpeg=D:\Tools\ffmpeg\bin\ffmpeg.exe args=-y -f gdigrab -framerate 15 -draw_mouse 0 -offset_x 0 -offset_y -1080 -video_size 1920x1080 -i desktop -c:v libx264 -preset ultrafast -crf 30 -pix_fmt yuv420p ""../../../../../../Project/UE5/Gallery/Saved/ScreenRecordings/A007_20260612_132839_screen.mkv"" mode=window_title title=Gallery 预览 [NetMode: Standalone 0]  （64-bit/PC D3D SM6） recording_start_world_sec=455.057220 recording_start_unix_ms=1781242119591 recording_start_bjt=2026-06-12T13:28:39.591+08:00"
"recording_stop","NA",1,1781243383313,"2026-06-12T13:49:43.313+08:00","was_running=1 graceful_q=1 forced=0 waited_ms=101 file=../../../../../../Project/UE5/Gallery/Saved/ScreenRecordings/A007_20260612_132839_screen.mkv size_bytes=137316132"
"recording_start","A009",1,1781245245895,"2026-06-12T14:20:45.895+08:00","pid=24840 file=../../../../../../Project/UE5/Gallery/Saved/ScreenRecordings/A009_20260612_142045_screen.mkv ffmpeg=D:\Tools\ffmpeg\bin\ffmpeg.exe args=-y -f gdigrab -framerate 15 -draw_mouse 0 -offset_x 0 -offset_y -1080 -video_size 1920x1080 -i desktop -c:v libx264 -preset ultrafast -crf 30 -pix_fmt yuv420p ""../../../../../../Project/UE5/Gallery/Saved/ScreenRecordings/A009_20260612_142045_screen.mkv"" mode=window_title title=Gallery 预览 [NetMode: Standalone 0]  （64-bit/PC D3D SM6） recording_start_world_sec=419.575195 recording_start_unix_ms=1781245245887 recording_start_bjt=2026-06-12T14:20:45.887+08:00"
"recording_stop","NA",1,1781246618196,"2026-06-12T14:43:38.196+08:00","was_running=1 graceful_q=1 forced=0 waited_ms=101 file=../../../../../../Project/UE5/Gallery/Saved/ScreenRecordings/A009_20260612_142045_screen.mkv size_bytes=118401114"
"recording_start","A011",1,1781247321737,"2026-06-12T14:55:21.737+08:00","pid=25060 file=../../../../../../Project/UE5/Gallery/Saved/ScreenRecordings/A011_20260612_145521_screen.mkv ffmpeg=D:\Tools\ffmpeg\bin\ffmpeg.exe args=-y -f gdigrab -framerate 15 -draw_mouse 0 -offset_x 0 -offset_y -1080 -video_size 1920x1080 -i desktop -c:v libx264 -preset ultrafast -crf 30 -pix_fmt yuv420p ""../../../../../../Project/UE5/Gallery/Saved/ScreenRecordings/A011_20260612_145521_screen.mkv"" mode=window_title title=Gallery 预览 [NetMode: Standalone 0]  （64-bit/PC D3D SM6） recording_start_world_sec=99.278412 recording_start_unix_ms=1781247321729 recording_start_bjt=2026-06-12T14:55:21.729+08:00"
"recording_stop","NA",1,1781248497463,"2026-06-12T15:14:57.463+08:00","was_running=1 graceful_q=1 forced=0 waited_ms=151 file=../../../../../../Project/UE5/Gallery/Saved/ScreenRecordings/A011_20260612_145521_screen.mkv size_bytes=121810485"
"recording_start","A013",1,1781251649322,"2026-06-12T16:07:29.322+08:00","pid=23800 file=../../../../../../Project/UE5/Gallery/Saved/ScreenRecordings/A013_20260612_160729_screen.mkv ffmpeg=D:\Tools\ffmpeg\bin\ffmpeg.exe args=-y -f gdigrab -framerate 15 -draw_mouse 0 -offset_x 0 -offset_y -1080 -video_size 1920x1080 -i desktop -c:v libx264 -preset ultrafast -crf 30 -pix_fmt yuv420p ""../../../../../../Project/UE5/Gallery/Saved/ScreenRecordings/A013_20260612_160729_screen.mkv"" mode=window_title title=Gallery 预览 [NetMode: Standalone 0]  （64-bit/PC D3D SM6） recording_start_world_sec=532.297485 recording_start_unix_ms=1781251649318 recording_start_bjt=2026-06-12T16:07:29.318+08:00"
"recording_stop","NA",1,1781252975870,"2026-06-12T16:29:35.870+08:00","was_running=1 graceful_q=1 forced=0 waited_ms=151 file=../../../../../../Project/UE5/Gallery/Saved/ScreenRecordings/A013_20260612_160729_screen.mkv size_bytes=115554979"
"recording_start","A014",1,1781253706496,"2026-06-12T16:41:46.496+08:00","pid=31168 file=../../../../../../Project/UE5/Gallery/Saved/ScreenRecordings/A014_20260612_164146_screen.mkv ffmpeg=D:\Tools\ffmpeg\bin\ffmpeg.exe args=-y -f gdigrab -framerate 15 -draw_mouse 0 -offset_x 0 -offset_y -1080 -video_size 1920x1080 -i desktop -c:v libx264 -preset ultrafast -crf 30 -pix_fmt yuv420p ""../../../../../../Project/UE5/Gallery/Saved/ScreenRecordings/A014_20260612_164146_screen.mkv"" mode=window_title title=Gallery 预览 [NetMode: Standalone 0]  （64-bit/PC D3D SM6） recording_start_world_sec=120.964478 recording_start_unix_ms=1781253706492 recording_start_bjt=2026-06-12T16:41:46.492+08:00"
"recording_stop","NA",1,1781254787639,"2026-06-12T16:59:47.639+08:00","was_running=1 graceful_q=1 forced=0 waited_ms=101 file=../../../../../../Project/UE5/Gallery/Saved/ScreenRecordings/A014_20260612_164146_screen.mkv size_bytes=95957196"
"recording_start","A015",1,1781255405211,"2026-06-12T17:10:05.211+08:00","pid=24468 file=../../../../../../Project/UE5/Gallery/Saved/ScreenRecordings/A015_20260612_171005_screen.mkv ffmpeg=D:\Tools\ffmpeg\bin\ffmpeg.exe args=-y -f gdigrab -framerate 15 -draw_mouse 0 -offset_x 0 -offset_y -1080 -video_size 1920x1080 -i desktop -c:v libx264 -preset ultrafast -crf 30 -pix_fmt yuv420p ""../../../../../../Project/UE5/Gallery/Saved/ScreenRecordings/A015_20260612_171005_screen.mkv"" mode=window_title title=Gallery 预览 [NetMode: Standalone 0]  （64-bit/PC D3D SM6） recording_start_world_sec=172.010910 recording_start_unix_ms=1781255405207 recording_start_bjt=2026-06-12T17:10:05.207+08:00"
"recording_stop","NA",1,1781256688808,"2026-06-12T17:31:28.808+08:00","was_running=1 graceful_q=1 forced=0 waited_ms=151 file=../../../../../../Project/UE5/Gallery/Saved/ScreenRecordings/A015_20260612_171005_screen.mkv size_bytes=154463049"
"recording_start","A018",1,1781257374724,"2026-06-12T17:42:54.724+08:00","pid=30292 file=../../../../../../Project/UE5/Gallery/Saved/ScreenRecordings/A018_20260612_174254_screen.mkv ffmpeg=D:\Tools\ffmpeg\bin\ffmpeg.exe args=-y -f gdigrab -framerate 15 -draw_mouse 0 -offset_x 0 -offset_y -1080 -video_size 1920x1080 -i desktop -c:v libx264 -preset ultrafast -crf 30 -pix_fmt yuv420p ""../../../../../../Project/UE5/Gallery/Saved/ScreenRecordings/A018_20260612_174254_screen.mkv"" mode=window_title title=Gallery 预览 [NetMode: Standalone 0]  （64-bit/PC D3D SM6） recording_start_world_sec=129.240097 recording_start_unix_ms=1781257374721 recording_start_bjt=2026-06-12T17:42:54.721+08:00"
"recording_stop","NA",1,1781258802909,"2026-06-12T18:06:42.909+08:00","was_running=1 graceful_q=1 forced=0 waited_ms=101 file=../../../../../../Project/UE5/Gallery/Saved/ScreenRecordings/A018_20260612_174254_screen.mkv size_bytes=183706622"
"recording_start","A016",1,1781259647038,"2026-06-12T18:20:47.038+08:00","pid=15688 file=../../../../../../Project/UE5/Gallery/Saved/ScreenRecordings/A016_20260612_182047_screen.mkv ffmpeg=D:\Tools\ffmpeg\bin\ffmpeg.exe args=-y -f gdigrab -framerate 15 -draw_mouse 0 -offset_x 0 -offset_y -1080 -video_size 1920x1080 -i desktop -c:v libx264 -preset ultrafast -crf 30 -pix_fmt yuv420p ""../../../../../../Project/UE5/Gallery/Saved/ScreenRecordings/A016_20260612_182047_screen.mkv"" mode=window_title title=Gallery 预览 [NetMode: Standalone 0]  （64-bit/PC D3D SM6） recording_start_world_sec=297.932037 recording_start_unix_ms=1781259647035 recording_start_bjt=2026-06-12T18:20:47.035+08:00"
"recording_stop","NA",1,1781260757287,"2026-06-12T18:39:17.287+08:00","was_running=1 graceful_q=1 forced=0 waited_ms=151 file=../../../../../../Project/UE5/Gallery/Saved/ScreenRecordings/A016_20260612_182047_screen.mkv size_bytes=120798985"
"recording_start","A017",1,1781265307270,"2026-06-12T19:55:07.270+08:00","pid=33820 file=../../../../../../Project/UE5/Gallery/Saved/ScreenRecordings/A017_20260612_195507_screen.mkv ffmpeg=D:\Tools\ffmpeg\bin\ffmpeg.exe args=-y -f gdigrab -framerate 15 -draw_mouse 0 -offset_x 0 -offset_y -1080 -video_size 1920x1080 -i desktop -c:v libx264 -preset ultrafast -crf 30 -pix_fmt yuv420p ""../../../../../../Project/UE5/Gallery/Saved/ScreenRecordings/A017_20260612_195507_screen.mkv"" mode=window_title title=Gallery 预览 [NetMode: Standalone 0]  （64-bit/PC D3D SM6） recording_start_world_sec=1059.821167 recording_start_unix_ms=1781265307261 recording_start_bjt=2026-06-12T19:55:07.261+08:00"
"recording_stop","NA",1,1781266161110,"2026-06-12T20:09:21.110+08:00","was_running=1 graceful_q=1 forced=0 waited_ms=151 file=../../../../../../Project/UE5/Gallery/Saved/ScreenRecordings/A017_20260612_195507_screen.mkv size_bytes=79217007"
"recording_start","A017_2",1,1781266396478,"2026-06-12T20:13:16.478+08:00","pid=32896 file=../../../../../../Project/UE5/Gallery/Saved/ScreenRecordings/A017_2_20260612_201316_screen.mkv ffmpeg=D:\Tools\ffmpeg\bin\ffmpeg.exe args=-y -f gdigrab -framerate 15 -draw_mouse 0 -offset_x 0 -offset_y -1080 -video_size 1920x1080 -i desktop -c:v libx264 -preset ultrafast -crf 30 -pix_fmt yuv420p ""../../../../../../Project/UE5/Gallery/Saved/ScreenRecordings/A017_2_20260612_201316_screen.mkv"" mode=window_title title=Gallery 预览 [NetMode: Standalone 0]  （64-bit/PC D3D SM6） recording_start_world_sec=36.078785 recording_start_unix_ms=1781266396475 recording_start_bjt=2026-06-12T20:13:16.475+08:00"
"recording_stop","NA",1,1781267008639,"2026-06-12T20:23:28.639+08:00","was_running=1 graceful_q=1 forced=0 waited_ms=151 file=../../../../../../Project/UE5/Gallery/Saved/ScreenRecordings/A017_2_20260612_201316_screen.mkv size_bytes=84649080"
"recording_start","A019",1,1781267591697,"2026-06-12T20:33:11.697+08:00","pid=7908 file=../../../../../../Project/UE5/Gallery/Saved/ScreenRecordings/A019_20260612_203311_screen.mkv ffmpeg=D:\Tools\ffmpeg\bin\ffmpeg.exe args=-y -f gdigrab -framerate 15 -draw_mouse 0 -offset_x 0 -offset_y -1080 -video_size 1920x1080 -i desktop -c:v libx264 -preset ultrafast -crf 30 -pix_fmt yuv420p ""../../../../../../Project/UE5/Gallery/Saved/ScreenRecordings/A019_20260612_203311_screen.mkv"" mode=window_title title=Gallery 预览 [NetMode: Standalone 0]  （64-bit/PC D3D SM6） recording_start_world_sec=19.258659 recording_start_unix_ms=1781267591694 recording_start_bjt=2026-06-12T20:33:11.694+08:00"
"recording_stop","NA",1,1781268922889,"2026-06-12T20:55:22.889+08:00","was_running=1 graceful_q=1 forced=0 waited_ms=151 file=../../../../../../Project/UE5/Gallery/Saved/ScreenRecordings/A019_20260612_203311_screen.mkv size_bytes=130995175"
"recording_start","A021",1,1781317306433,"2026-06-13T10:21:46.433+08:00","pid=8300 file=../../../../../../Project/UE5/Gallery/Saved/ScreenRecordings/A021_20260613_102145_screen.mkv ffmpeg=D:\Tools\ffmpeg\bin\ffmpeg.exe args=-y -f gdigrab -framerate 15 -draw_mouse 0 -offset_x 0 -offset_y -1080 -video_size 1920x1080 -i desktop -c:v libx264 -preset ultrafast -crf 30 -pix_fmt yuv420p ""../../../../../../Project/UE5/Gallery/Saved/ScreenRecordings/A021_20260613_102145_screen.mkv"" mode=window_title title=Gallery 预览 [NetMode: Standalone 0]  （64-bit/PC D3D SM6） recording_start_world_sec=132.778259 recording_start_unix_ms=1781317305912 recording_start_bjt=2026-06-13T10:21:45.912+08:00"
"recording_stop","NA",1,1781318616507,"2026-06-13T10:43:36.507+08:00","was_running=1 graceful_q=1 forced=0 waited_ms=151 file=../../../../../../Project/UE5/Gallery/Saved/ScreenRecordings/A021_20260613_102145_screen.mkv size_bytes=127634891"
"recording_start","A022",1,1781319387472,"2026-06-13T10:56:27.472+08:00","pid=2208 file=../../../../../../Project/UE5/Gallery/Saved/ScreenRecordings/A022_20260613_105627_screen.mkv ffmpeg=D:\Tools\ffmpeg\bin\ffmpeg.exe args=-y -f gdigrab -framerate 15 -draw_mouse 0 -offset_x 0 -offset_y -1080 -video_size 1920x1080 -i desktop -c:v libx264 -preset ultrafast -crf 30 -pix_fmt yuv420p ""../../../../../../Project/UE5/Gallery/Saved/ScreenRecordings/A022_20260613_105627_screen.mkv"" mode=window_title title=Gallery 预览 [NetMode: Standalone 0]  （64-bit/PC D3D SM6） recording_start_world_sec=309.718536 recording_start_unix_ms=1781319387469 recording_start_bjt=2026-06-13T10:56:27.469+08:00"
"recording_stop","NA",1,1781320853770,"2026-06-13T11:20:53.770+08:00","was_running=1 graceful_q=1 forced=0 waited_ms=101 file=../../../../../../Project/UE5/Gallery/Saved/ScreenRecordings/A022_20260613_105627_screen.mkv size_bytes=150817825"
"recording_start","A023",1,1781321476273,"2026-06-13T11:31:16.273+08:00","pid=3140 file=../../../../../../Project/UE5/Gallery/Saved/ScreenRecordings/A023_20260613_113116_screen.mkv ffmpeg=D:\Tools\ffmpeg\bin\ffmpeg.exe args=-y -f gdigrab -framerate 15 -draw_mouse 0 -offset_x 0 -offset_y -1080 -video_size 1920x1080 -i desktop -c:v libx264 -preset ultrafast -crf 30 -pix_fmt yuv420p ""../../../../../../Project/UE5/Gallery/Saved/ScreenRecordings/A023_20260613_113116_screen.mkv"" mode=window_title title=Gallery 预览 [NetMode: Standalone 0]  （64-bit/PC D3D SM6） recording_start_world_sec=117.202988 recording_start_unix_ms=1781321476269 recording_start_bjt=2026-06-13T11:31:16.269+08:00"
"recording_stop","NA",1,1781321660886,"2026-06-13T11:34:20.886+08:00","was_running=1 graceful_q=1 forced=0 waited_ms=50 file=../../../../../../Project/UE5/Gallery/Saved/ScreenRecordings/A023_20260613_113116_screen.mkv size_bytes=29929327"
"recording_start","A023",1,1781321696975,"2026-06-13T11:34:56.975+08:00","pid=14088 file=../../../../../../Project/UE5/Gallery/Saved/ScreenRecordings/A023_20260613_113456_screen.mkv ffmpeg=D:\Tools\ffmpeg\bin\ffmpeg.exe args=-y -f gdigrab -framerate 15 -draw_mouse 0 -offset_x 0 -offset_y -1080 -video_size 1920x1080 -i desktop -c:v libx264 -preset ultrafast -crf 30 -pix_fmt yuv420p ""../../../../../../Project/UE5/Gallery/Saved/ScreenRecordings/A023_20260613_113456_screen.mkv"" mode=window_title title=Gallery 预览 [NetMode: Standalone 0]  （64-bit/PC D3D SM6） recording_start_world_sec=24.771666 recording_start_unix_ms=1781321696972 recording_start_bjt=2026-06-13T11:34:56.972+08:00"
"recording_stop","NA",1,1781322699646,"2026-06-13T11:51:39.646+08:00","was_running=1 graceful_q=1 forced=0 waited_ms=152 file=../../../../../../Project/UE5/Gallery/Saved/ScreenRecordings/A023_20260613_113456_screen.mkv size_bytes=112060329"
"recording_start","A024",1,1781323958008,"2026-06-13T12:12:38.008+08:00","pid=10968 file=../../../../../../Project/UE5/Gallery/Saved/ScreenRecordings/A024_20260613_121238_screen.mkv ffmpeg=D:\Tools\ffmpeg\bin\ffmpeg.exe args=-y -f gdigrab -framerate 15 -draw_mouse 0 -offset_x 0 -offset_y -1080 -video_size 1920x1080 -i desktop -c:v libx264 -preset ultrafast -crf 30 -pix_fmt yuv420p ""../../../../../../Project/UE5/Gallery/Saved/ScreenRecordings/A024_20260613_121238_screen.mkv"" mode=window_title title=Gallery 预览 [NetMode: Standalone 0]  （64-bit/PC D3D SM6） recording_start_world_sec=545.813660 recording_start_unix_ms=1781323958004 recording_start_bjt=2026-06-13T12:12:38.004+08:00"
"recording_stop","NA",1,1781325799407,"2026-06-13T12:43:19.407+08:00","was_running=1 graceful_q=1 forced=0 waited_ms=51 file=../../../../../../Project/UE5/Gallery/Saved/ScreenRecordings/A024_20260613_121238_screen.mkv size_bytes=186635944"
"recording_start","A025",1,1781326443969,"2026-06-13T12:54:03.969+08:00","pid=27416 file=../../../../../../Project/UE5/Gallery/Saved/ScreenRecordings/A025_20260613_125403_screen.mkv ffmpeg=D:\Tools\ffmpeg\bin\ffmpeg.exe args=-y -f gdigrab -framerate 15 -draw_mouse 0 -offset_x 0 -offset_y -1080 -video_size 1920x1080 -i desktop -c:v libx264 -preset ultrafast -crf 30 -pix_fmt yuv420p ""../../../../../../Project/UE5/Gallery/Saved/ScreenRecordings/A025_20260613_125403_screen.mkv"" mode=window_title title=Gallery 预览 [NetMode: Standalone 0]  （64-bit/PC D3D SM6） recording_start_world_sec=235.649841 recording_start_unix_ms=1781326443957 recording_start_bjt=2026-06-13T12:54:03.957+08:00"
"recording_stop","NA",1,1781327764603,"2026-06-13T13:16:04.603+08:00","was_running=1 graceful_q=1 forced=0 waited_ms=101 file=../../../../../../Project/UE5/Gallery/Saved/ScreenRecordings/A025_20260613_125403_screen.mkv size_bytes=159432580"
"recording_start","A026",1,1781332340973,"2026-06-13T14:32:20.973+08:00","pid=27396 file=../../../../../../Project/UE5/Gallery/Saved/ScreenRecordings/A026_20260613_143220_screen.mkv ffmpeg=D:\Tools\ffmpeg\bin\ffmpeg.exe args=-y -f gdigrab -framerate 15 -draw_mouse 0 -offset_x 0 -offset_y -1080 -video_size 1920x1080 -i desktop -c:v libx264 -preset ultrafast -crf 30 -pix_fmt yuv420p ""../../../../../../Project/UE5/Gallery/Saved/ScreenRecordings/A026_20260613_143220_screen.mkv"" mode=window_title title=Gallery 预览 [NetMode: Standalone 0]  （64-bit/PC D3D SM6） recording_start_world_sec=82.020157 recording_start_unix_ms=1781332340921 recording_start_bjt=2026-06-13T14:32:20.921+08:00"
"recording_stop","NA",1,1781333658701,"2026-06-13T14:54:18.701+08:00","was_running=1 graceful_q=1 forced=0 waited_ms=151 file=../../../../../../Project/UE5/Gallery/Saved/ScreenRecordings/A026_20260613_143220_screen.mkv size_bytes=138606467"
"recording_start","A027",1,1781334197686,"2026-06-13T15:03:17.686+08:00","pid=2228 file=../../../../../../Project/UE5/Gallery/Saved/ScreenRecordings/A027_20260613_150317_screen.mkv ffmpeg=D:\Tools\ffmpeg\bin\ffmpeg.exe args=-y -f gdigrab -framerate 15 -draw_mouse 0 -offset_x 0 -offset_y -1080 -video_size 1920x1080 -i desktop -c:v libx264 -preset ultrafast -crf 30 -pix_fmt yuv420p ""../../../../../../Project/UE5/Gallery/Saved/ScreenRecordings/A027_20260613_150317_screen.mkv"" mode=window_title title=Gallery 预览 [NetMode: Standalone 0]  （64-bit/PC D3D SM6） recording_start_world_sec=172.160278 recording_start_unix_ms=1781334197682 recording_start_bjt=2026-06-13T15:03:17.682+08:00"
"recording_stop","NA",1,1781335709333,"2026-06-13T15:28:29.333+08:00","was_running=1 graceful_q=1 forced=0 waited_ms=100 file=../../../../../../Project/UE5/Gallery/Saved/ScreenRecordings/A027_20260613_150317_screen.mkv size_bytes=145916363"
"recording_start","A028",1,1781336654583,"2026-06-13T15:44:14.583+08:00","pid=31052 file=../../../../../../Project/UE5/Gallery/Saved/ScreenRecordings/A028_20260613_154414_screen.mkv ffmpeg=D:\Tools\ffmpeg\bin\ffmpeg.exe args=-y -f gdigrab -framerate 15 -draw_mouse 0 -offset_x 0 -offset_y -1080 -video_size 1920x1080 -i desktop -c:v libx264 -preset ultrafast -crf 30 -pix_fmt yuv420p ""../../../../../../Project/UE5/Gallery/Saved/ScreenRecordings/A028_20260613_154414_screen.mkv"" mode=window_title title=Gallery 预览 [NetMode: Standalone 0]  （64-bit/PC D3D SM6） recording_start_world_sec=98.676849 recording_start_unix_ms=1781336654580 recording_start_bjt=2026-06-13T15:44:14.580+08:00"
"recording_stop","NA",1,1781338224001,"2026-06-13T16:10:24.001+08:00","was_running=1 graceful_q=1 forced=0 waited_ms=151 file=../../../../../../Project/UE5/Gallery/Saved/ScreenRecordings/A028_20260613_154414_screen.mkv size_bytes=157597533"
"recording_start","A029",1,1781339132857,"2026-06-13T16:25:32.857+08:00","pid=17880 file=../../../../../../Project/UE5/Gallery/Saved/ScreenRecordings/A029_20260613_162532_screen.mkv ffmpeg=D:\Tools\ffmpeg\bin\ffmpeg.exe args=-y -f gdigrab -framerate 15 -draw_mouse 0 -offset_x 0 -offset_y -1080 -video_size 1920x1080 -i desktop -c:v libx264 -preset ultrafast -crf 30 -pix_fmt yuv420p ""../../../../../../Project/UE5/Gallery/Saved/ScreenRecordings/A029_20260613_162532_screen.mkv"" mode=window_title title=Gallery 预览 [NetMode: Standalone 0]  （64-bit/PC D3D SM6） recording_start_world_sec=619.968750 recording_start_unix_ms=1781339132854 recording_start_bjt=2026-06-13T16:25:32.854+08:00"
"recording_stop","NA",1,1781340861706,"2026-06-13T16:54:21.706+08:00","was_running=1 graceful_q=1 forced=0 waited_ms=50 file=../../../../../../Project/UE5/Gallery/Saved/ScreenRecordings/A029_20260613_162532_screen.mkv size_bytes=184670541"
"recording_start","A030",1,1781341441854,"2026-06-13T17:04:01.854+08:00","pid=15292 file=../../../../../../Project/UE5/Gallery/Saved/ScreenRecordings/A030_20260613_170401_screen.mkv ffmpeg=D:\Tools\ffmpeg\bin\ffmpeg.exe args=-y -f gdigrab -framerate 15 -draw_mouse 0 -offset_x 0 -offset_y -1080 -video_size 1920x1080 -i desktop -c:v libx264 -preset ultrafast -crf 30 -pix_fmt yuv420p ""../../../../../../Project/UE5/Gallery/Saved/ScreenRecordings/A030_20260613_170401_screen.mkv"" mode=window_title title=Gallery 预览 [NetMode: Standalone 0]  （64-bit/PC D3D SM6） recording_start_world_sec=350.966705 recording_start_unix_ms=1781341441850 recording_start_bjt=2026-06-13T17:04:01.850+08:00"
"recording_stop","NA",1,1781342754457,"2026-06-13T17:25:54.457+08:00","was_running=1 graceful_q=1 forced=0 waited_ms=50 file=../../../../../../Project/UE5/Gallery/Saved/ScreenRecordings/A030_20260613_170401_screen.mkv size_bytes=168738148"
"recording_start","A031",1,1781343416180,"2026-06-13T17:36:56.180+08:00","pid=29928 file=../../../../../../Project/UE5/Gallery/Saved/ScreenRecordings/A031_20260613_173656_screen.mkv ffmpeg=D:\Tools\ffmpeg\bin\ffmpeg.exe args=-y -f gdigrab -framerate 15 -draw_mouse 0 -offset_x 0 -offset_y -1080 -video_size 1920x1080 -i desktop -c:v libx264 -preset ultrafast -crf 30 -pix_fmt yuv420p ""../../../../../../Project/UE5/Gallery/Saved/ScreenRecordings/A031_20260613_173656_screen.mkv"" mode=window_title title=Gallery 预览 [NetMode: Standalone 0]  （64-bit/PC D3D SM6） recording_start_world_sec=124.372726 recording_start_unix_ms=1781343416176 recording_start_bjt=2026-06-13T17:36:56.176+08:00"
"recording_stop","NA",1,1781344933611,"2026-06-13T18:02:13.611+08:00","was_running=1 graceful_q=1 forced=0 waited_ms=101 file=../../../../../../Project/UE5/Gallery/Saved/ScreenRecordings/A031_20260613_173656_screen.mkv size_bytes=152755142"
"recording_start","A031_v2",1,1781414900776,"2026-06-14T13:28:20.776+08:00","pid=33020 file=../../../../../../Project/UE5/Gallery/Saved/ScreenRecordings/A031_v2_20260614_132820_screen.mkv ffmpeg=D:\Tools\ffmpeg\bin\ffmpeg.exe args=-y -f gdigrab -framerate 15 -draw_mouse 0 -offset_x 0 -offset_y -1080 -video_size 1920x1080 -i desktop -c:v libx264 -preset ultrafast -crf 30 -pix_fmt yuv420p ""../../../../../../Project/UE5/Gallery/Saved/ScreenRecordings/A031_v2_20260614_132820_screen.mkv"" mode=window_title title=Gallery 预览 [NetMode: Standalone 0]  （64-bit/PC D3D SM6） recording_start_world_sec=433.625458 recording_start_unix_ms=1781414900267 recording_start_bjt=2026-06-14T13:28:20.267+08:00"
"recording_stop","NA",1,1781416320634,"2026-06-14T13:52:00.634+08:00","was_running=1 graceful_q=1 forced=0 waited_ms=50 file=../../../../../../Project/UE5/Gallery/Saved/ScreenRecordings/A031_v2_20260614_132820_screen.mkv size_bytes=138093884"
"recording_start","B001",1,1781422901322,"2026-06-14T15:41:41.322+08:00","pid=6920 file=../../../../../../Project/UE5/Gallery/Saved/ScreenRecordings/B001_20260614_154141_screen.mkv ffmpeg=D:\Tools\ffmpeg\bin\ffmpeg.exe args=-y -f gdigrab -framerate 15 -draw_mouse 0 -offset_x 0 -offset_y -1080 -video_size 1920x1080 -i desktop -c:v libx264 -preset ultrafast -crf 30 -pix_fmt yuv420p ""../../../../../../Project/UE5/Gallery/Saved/ScreenRecordings/B001_20260614_154141_screen.mkv"" mode=window_title title=Gallery 预览 [NetMode: Standalone 0]  （64-bit/PC D3D SM6） recording_start_world_sec=43.919212 recording_start_unix_ms=1781422901315 recording_start_bjt=2026-06-14T15:41:41.315+08:00"
"recording_stop","NA",1,1781423741788,"2026-06-14T15:55:41.788+08:00","was_running=1 graceful_q=1 forced=0 waited_ms=100 file=../../../../../../Project/UE5/Gallery/Saved/ScreenRecordings/B001_20260614_154141_screen.mkv size_bytes=93815165"
"recording_start","B001_v2",1,1781424186124,"2026-06-14T16:03:06.124+08:00","pid=6400 file=../../../../../../Project/UE5/Gallery/Saved/ScreenRecordings/B001_v2_20260614_160306_screen.mkv ffmpeg=D:\Tools\ffmpeg\bin\ffmpeg.exe args=-y -f gdigrab -framerate 15 -draw_mouse 0 -offset_x 0 -offset_y -1080 -video_size 1920x1080 -i desktop -c:v libx264 -preset ultrafast -crf 30 -pix_fmt yuv420p ""../../../../../../Project/UE5/Gallery/Saved/ScreenRecordings/B001_v2_20260614_160306_screen.mkv"" mode=window_title title=Gallery 预览 [NetMode: Standalone 0]  （64-bit/PC D3D SM6） recording_start_world_sec=22.706890 recording_start_unix_ms=1781424186121 recording_start_bjt=2026-06-14T16:03:06.121+08:00"
"recording_stop","NA",1,1781424788674,"2026-06-14T16:13:08.674+08:00","was_running=1 graceful_q=1 forced=0 waited_ms=151 file=../../../../../../Project/UE5/Gallery/Saved/ScreenRecordings/B001_v2_20260614_160306_screen.mkv size_bytes=67208359"
"recording_start","B003",1,1781425102528,"2026-06-14T16:18:22.528+08:00","pid=33588 file=../../../../../../Project/UE5/Gallery/Saved/ScreenRecordings/B003_20260614_161822_screen.mkv ffmpeg=D:\Tools\ffmpeg\bin\ffmpeg.exe args=-y -f gdigrab -framerate 15 -draw_mouse 0 -offset_x 0 -offset_y -1080 -video_size 1920x1080 -i desktop -c:v libx264 -preset ultrafast -crf 30 -pix_fmt yuv420p ""../../../../../../Project/UE5/Gallery/Saved/ScreenRecordings/B003_20260614_161822_screen.mkv"" mode=window_title title=Gallery 预览 [NetMode: Standalone 0]  （64-bit/PC D3D SM6） recording_start_world_sec=47.216473 recording_start_unix_ms=1781425102525 recording_start_bjt=2026-06-14T16:18:22.525+08:00"
"recording_stop","NA",1,1781425778230,"2026-06-14T16:29:38.230+08:00","was_running=1 graceful_q=1 forced=0 waited_ms=50 file=../../../../../../Project/UE5/Gallery/Saved/ScreenRecordings/B003_20260614_161822_screen.mkv size_bytes=70665896"
"recording_start","B004",1,1781426051109,"2026-06-14T16:34:11.109+08:00","pid=14008 file=../../../../../../Project/UE5/Gallery/Saved/ScreenRecordings/B004_20260614_163411_screen.mkv ffmpeg=D:\Tools\ffmpeg\bin\ffmpeg.exe args=-y -f gdigrab -framerate 15 -draw_mouse 0 -offset_x 0 -offset_y -1080 -video_size 1920x1080 -i desktop -c:v libx264 -preset ultrafast -crf 30 -pix_fmt yuv420p ""../../../../../../Project/UE5/Gallery/Saved/ScreenRecordings/B004_20260614_163411_screen.mkv"" mode=window_title title=Gallery 预览 [NetMode: Standalone 0]  （64-bit/PC D3D SM6） recording_start_world_sec=104.975739 recording_start_unix_ms=1781426051105 recording_start_bjt=2026-06-14T16:34:11.105+08:00"
"recording_stop","NA",1,1781426670235,"2026-06-14T16:44:30.235+08:00","was_running=1 graceful_q=1 forced=0 waited_ms=100 file=../../../../../../Project/UE5/Gallery/Saved/ScreenRecordings/B004_20260614_163411_screen.mkv size_bytes=65660859"
"recording_start","A032",1,1781490950884,"2026-06-15T10:35:50.884+08:00","pid=24420 file=../../../../../../Project/UE5/Gallery/Saved/ScreenRecordings/A032_20260615_103550_screen.mkv ffmpeg=D:\Tools\ffmpeg\bin\ffmpeg.exe args=-y -f gdigrab -framerate 15 -draw_mouse 0 -offset_x 0 -offset_y -1080 -video_size 1920x1080 -i desktop -c:v libx264 -preset ultrafast -crf 30 -pix_fmt yuv420p ""../../../../../../Project/UE5/Gallery/Saved/ScreenRecordings/A032_20260615_103550_screen.mkv"" mode=window_title title=Gallery 预览 [NetMode: Standalone 0]  （64-bit/PC D3D SM6） recording_start_world_sec=312.522278 recording_start_unix_ms=1781490950328 recording_start_bjt=2026-06-15T10:35:50.328+08:00"
"recording_stop","NA",1,1781492214843,"2026-06-15T10:56:54.843+08:00","was_running=1 graceful_q=1 forced=0 waited_ms=151 file=../../../../../../Project/UE5/Gallery/Saved/ScreenRecordings/A032_20260615_103550_screen.mkv size_bytes=139123802"
"recording_start","A020",1,1781494019037,"2026-06-15T11:26:59.037+08:00","pid=23712 file=../../../../../../Project/UE5/Gallery/Saved/ScreenRecordings/A020_20260615_112658_screen.mkv ffmpeg=D:\Tools\ffmpeg\bin\ffmpeg.exe args=-y -f gdigrab -framerate 15 -draw_mouse 0 -offset_x 0 -offset_y -1080 -video_size 1920x1080 -i desktop -c:v libx264 -preset ultrafast -crf 30 -pix_fmt yuv420p ""../../../../../../Project/UE5/Gallery/Saved/ScreenRecordings/A020_20260615_112658_screen.mkv"" mode=window_title title=Gallery 预览 [NetMode: Standalone 0]  （64-bit/PC D3D SM6） recording_start_world_sec=1372.268677 recording_start_unix_ms=1781494018607 recording_start_bjt=2026-06-15T11:26:58.607+08:00"
"recording_stop","NA",1,1781495567312,"2026-06-15T11:52:47.312+08:00","was_running=1 graceful_q=1 forced=0 waited_ms=151 file=../../../../../../Project/UE5/Gallery/Saved/ScreenRecordings/A020_20260615_112658_screen.mkv size_bytes=160471860"
"recording_start","Markertest",1,1781518192417,"2026-06-15T18:09:52.417+08:00","pid=16216 file=../../../../../../Project/UE5/Gallery/Saved/ScreenRecordings/Markertest_20260615_180951_screen.mkv ffmpeg=D:\Tools\ffmpeg\bin\ffmpeg.exe args=-y -f gdigrab -framerate 15 -draw_mouse 0 -offset_x 0 -offset_y -1080 -video_size 1920x1080 -i desktop -c:v libx264 -preset ultrafast -crf 30 -pix_fmt yuv420p ""../../../../../../Project/UE5/Gallery/Saved/ScreenRecordings/Markertest_20260615_180951_screen.mkv"" mode=window_title title=Gallery 预览 [NetMode: Standalone 0]  （64-bit/PC D3D SM6） recording_start_world_sec=22.571775 recording_start_unix_ms=1781518191900 recording_start_bjt=2026-06-15T18:09:51.900+08:00"
"recording_stop","NA",1,1781518349592,"2026-06-15T18:12:29.592+08:00","was_running=1 graceful_q=1 forced=0 waited_ms=100 file=../../../../../../Project/UE5/Gallery/Saved/ScreenRecordings/Markertest_20260615_180951_screen.mkv size_bytes=19918590"
"recording_start","A033",1,1781523306092,"2026-06-15T19:35:06.092+08:00","pid=21496 file=../../../../../../Project/UE5/Gallery/Saved/ScreenRecordings/A033_20260615_193506_screen.mkv ffmpeg=D:\Tools\ffmpeg\bin\ffmpeg.exe args=-y -f gdigrab -framerate 15 -draw_mouse 0 -offset_x 0 -offset_y -1080 -video_size 1920x1080 -i desktop -c:v libx264 -preset ultrafast -crf 30 -pix_fmt yuv420p ""../../../../../../Project/UE5/Gallery/Saved/ScreenRecordings/A033_20260615_193506_screen.mkv"" mode=window_title title=Gallery 预览 [NetMode: Standalone 0]  （64-bit/PC D3D SM6） recording_start_world_sec=29.857752 recording_start_unix_ms=1781523306085 recording_start_bjt=2026-06-15T19:35:06.085+08:00"
"recording_stop","NA",1,1781525004038,"2026-06-15T20:03:24.038+08:00","was_running=1 graceful_q=1 forced=0 waited_ms=151 file=../../../../../../Project/UE5/Gallery/Saved/ScreenRecordings/A033_20260615_193506_screen.mkv size_bytes=135060930"
"recording_start","A034",1,1781525812022,"2026-06-15T20:16:52.022+08:00","pid=34128 file=../../../../../../Project/UE5/Gallery/Saved/ScreenRecordings/A034_20260615_201652_screen.mkv ffmpeg=D:\Tools\ffmpeg\bin\ffmpeg.exe args=-y -f gdigrab -framerate 15 -draw_mouse 0 -offset_x 0 -offset_y -1080 -video_size 1920x1080 -i desktop -c:v libx264 -preset ultrafast -crf 30 -pix_fmt yuv420p ""../../../../../../Project/UE5/Gallery/Saved/ScreenRecordings/A034_20260615_201652_screen.mkv"" mode=window_title title=Gallery 预览 [NetMode: Standalone 0]  （64-bit/PC D3D SM6） recording_start_world_sec=170.903397 recording_start_unix_ms=1781525812017 recording_start_bjt=2026-06-15T20:16:52.017+08:00"
"recording_stop","NA",1,1781525932234,"2026-06-15T20:18:52.234+08:00","was_running=1 graceful_q=1 forced=0 waited_ms=201 file=../../../../../../Project/UE5/Gallery/Saved/ScreenRecordings/A034_20260615_201652_screen.mkv size_bytes=22993671"
"recording_start","A034_v2",1,1781526090333,"2026-06-15T20:21:30.333+08:00","pid=22556 file=../../../../../../Project/UE5/Gallery/Saved/ScreenRecordings/A034_v2_20260615_202130_screen.mkv ffmpeg=D:\Tools\ffmpeg\bin\ffmpeg.exe args=-y -f gdigrab -framerate 15 -draw_mouse 0 -offset_x 0 -offset_y -1080 -video_size 1920x1080 -i desktop -c:v libx264 -preset ultrafast -crf 30 -pix_fmt yuv420p ""../../../../../../Project/UE5/Gallery/Saved/ScreenRecordings/A034_v2_20260615_202130_screen.mkv"" mode=window_title title=Gallery 预览 [NetMode: Standalone 0]  （64-bit/PC D3D SM6） recording_start_world_sec=108.821388 recording_start_unix_ms=1781526090330 recording_start_bjt=2026-06-15T20:21:30.330+08:00"
"recording_stop","NA",1,1781527287521,"2026-06-15T20:41:27.521+08:00","was_running=1 graceful_q=1 forced=0 waited_ms=101 file=../../../../../../Project/UE5/Gallery/Saved/ScreenRecordings/A034_v2_20260615_202130_screen.mkv size_bytes=115003428"
"recording_start","A035",1,1781528200056,"2026-06-15T20:56:40.056+08:00","pid=26424 file=../../../../../../Project/UE5/Gallery/Saved/ScreenRecordings/A035_20260615_205640_screen.mkv ffmpeg=D:\Tools\ffmpeg\bin\ffmpeg.exe args=-y -f gdigrab -framerate 15 -draw_mouse 0 -offset_x 0 -offset_y -1080 -video_size 1920x1080 -i desktop -c:v libx264 -preset ultrafast -crf 30 -pix_fmt yuv420p ""../../../../../../Project/UE5/Gallery/Saved/ScreenRecordings/A035_20260615_205640_screen.mkv"" mode=window_title title=Gallery 预览 [NetMode: Standalone 0]  （64-bit/PC D3D SM6） recording_start_world_sec=38.536186 recording_start_unix_ms=1781528200052 recording_start_bjt=2026-06-15T20:56:40.052+08:00"
"recording_stop","NA",1,1781530153287,"2026-06-15T21:29:13.287+08:00","was_running=1 graceful_q=1 forced=0 waited_ms=100 file=../../../../../../Project/UE5/Gallery/Saved/ScreenRecordings/A035_20260615_205640_screen.mkv size_bytes=148421971"
"recording_start","A036",1,1781530709021,"2026-06-15T21:38:29.021+08:00","pid=12804 file=../../../../../../Project/UE5/Gallery/Saved/ScreenRecordings/A036_20260615_213829_screen.mkv ffmpeg=D:\Tools\ffmpeg\bin\ffmpeg.exe args=-y -f gdigrab -framerate 15 -draw_mouse 0 -offset_x 0 -offset_y -1080 -video_size 1920x1080 -i desktop -c:v libx264 -preset ultrafast -crf 30 -pix_fmt yuv420p ""../../../../../../Project/UE5/Gallery/Saved/ScreenRecordings/A036_20260615_213829_screen.mkv"" mode=window_title title=Gallery 预览 [NetMode: Standalone 0]  （64-bit/PC D3D SM6） recording_start_world_sec=213.363815 recording_start_unix_ms=1781530709017 recording_start_bjt=2026-06-15T21:38:29.017+08:00"
"recording_stop","NA",1,1781532130313,"2026-06-15T22:02:10.313+08:00","was_running=1 graceful_q=1 forced=0 waited_ms=101 file=../../../../../../Project/UE5/Gallery/Saved/ScreenRecordings/A036_20260615_213829_screen.mkv size_bytes=135229893"
"recording_start","A010",1,1781588028817,"2026-06-16T13:33:48.817+08:00","pid=34868 file=../../../../../../Project/UE5/Gallery/Saved/ScreenRecordings/A010_20260616_133348_screen.mkv ffmpeg=D:\Tools\ffmpeg\bin\ffmpeg.exe args=-y -f gdigrab -framerate 15 -draw_mouse 0 -offset_x 0 -offset_y -1080 -video_size 1920x1080 -i desktop -c:v libx264 -preset ultrafast -crf 30 -pix_fmt yuv420p ""../../../../../../Project/UE5/Gallery/Saved/ScreenRecordings/A010_20260616_133348_screen.mkv"" mode=window_title title=Gallery 预览 [NetMode: Standalone 0]  （64-bit/PC D3D SM6） recording_start_world_sec=143.869781 recording_start_unix_ms=1781588028296 recording_start_bjt=2026-06-16T13:33:48.296+08:00"
"recording_stop","NA",1,1781589708967,"2026-06-16T14:01:48.967+08:00","was_running=1 graceful_q=1 forced=0 waited_ms=50 file=../../../../../../Project/UE5/Gallery/Saved/ScreenRecordings/A010_20260616_133348_screen.mkv size_bytes=132715184"
"recording_start","B005",1,1781591462574,"2026-06-16T14:31:02.574+08:00","pid=35028 file=../../../../../../Project/UE5/Gallery/Saved/ScreenRecordings/B005_20260616_143102_screen.mkv ffmpeg=D:\Tools\ffmpeg\bin\ffmpeg.exe args=-y -f gdigrab -framerate 15 -draw_mouse 0 -offset_x 0 -offset_y -1080 -video_size 1920x1080 -i desktop -c:v libx264 -preset ultrafast -crf 30 -pix_fmt yuv420p ""../../../../../../Project/UE5/Gallery/Saved/ScreenRecordings/B005_20260616_143102_screen.mkv"" mode=window_title title=Gallery 预览 [NetMode: Standalone 0]  （64-bit/PC D3D SM6） recording_start_world_sec=156.985229 recording_start_unix_ms=1781591462559 recording_start_bjt=2026-06-16T14:31:02.559+08:00"
"recording_stop","NA",1,1781591988044,"2026-06-16T14:39:48.044+08:00","was_running=1 graceful_q=1 forced=0 waited_ms=100 file=../../../../../../Project/UE5/Gallery/Saved/ScreenRecordings/B005_20260616_143102_screen.mkv size_bytes=53145011"
"recording_start","B006",1,1781592465629,"2026-06-16T14:47:45.629+08:00","pid=21000 file=../../../../../../Project/UE5/Gallery/Saved/ScreenRecordings/B006_20260616_144745_screen.mkv ffmpeg=D:\Tools\ffmpeg\bin\ffmpeg.exe args=-y -f gdigrab -framerate 15 -draw_mouse 0 -offset_x 0 -offset_y -1080 -video_size 1920x1080 -i desktop -c:v libx264 -preset ultrafast -crf 30 -pix_fmt yuv420p ""../../../../../../Project/UE5/Gallery/Saved/ScreenRecordings/B006_20260616_144745_screen.mkv"" mode=window_title title=Gallery 预览 [NetMode: Standalone 0]  （64-bit/PC D3D SM6） recording_start_world_sec=85.819504 recording_start_unix_ms=1781592465624 recording_start_bjt=2026-06-16T14:47:45.624+08:00"
"recording_stop","NA",1,1781593068896,"2026-06-16T14:57:48.896+08:00","was_running=1 graceful_q=1 forced=0 waited_ms=50 file=../../../../../../Project/UE5/Gallery/Saved/ScreenRecordings/B006_20260616_144745_screen.mkv size_bytes=57716473"
"recording_start","A038",1,1781594095339,"2026-06-16T15:14:55.339+08:00","pid=6224 file=../../../../../../Project/UE5/Gallery/Saved/ScreenRecordings/A038_20260616_151455_screen.mkv ffmpeg=D:\Tools\ffmpeg\bin\ffmpeg.exe args=-y -f gdigrab -framerate 15 -draw_mouse 0 -offset_x 0 -offset_y -1080 -video_size 1920x1080 -i desktop -c:v libx264 -preset ultrafast -crf 30 -pix_fmt yuv420p ""../../../../../../Project/UE5/Gallery/Saved/ScreenRecordings/A038_20260616_151455_screen.mkv"" mode=window_title title=Gallery 预览 [NetMode: Standalone 0]  （64-bit/PC D3D SM6） recording_start_world_sec=553.964783 recording_start_unix_ms=1781594095334 recording_start_bjt=2026-06-16T15:14:55.334+08:00"
"recording_stop","NA",1,1781595723610,"2026-06-16T15:42:03.610+08:00","was_running=1 graceful_q=1 forced=0 waited_ms=101 file=../../../../../../Project/UE5/Gallery/Saved/ScreenRecordings/A038_20260616_151455_screen.mkv size_bytes=177861636"
"recording_start","A039",1,1781596158661,"2026-06-16T15:49:18.661+08:00","pid=28288 file=../../../../../../Project/UE5/Gallery/Saved/ScreenRecordings/A039_20260616_154918_screen.mkv ffmpeg=D:\Tools\ffmpeg\bin\ffmpeg.exe args=-y -f gdigrab -framerate 15 -draw_mouse 0 -offset_x 0 -offset_y -1080 -video_size 1920x1080 -i desktop -c:v libx264 -preset ultrafast -crf 30 -pix_fmt yuv420p ""../../../../../../Project/UE5/Gallery/Saved/ScreenRecordings/A039_20260616_154918_screen.mkv"" mode=window_title title=Gallery 预览 [NetMode: Standalone 0]  （64-bit/PC D3D SM6） recording_start_world_sec=22.536499 recording_start_unix_ms=1781596158654 recording_start_bjt=2026-06-16T15:49:18.654+08:00"
"recording_stop","NA",1,1781597617799,"2026-06-16T16:13:37.799+08:00","was_running=1 graceful_q=1 forced=0 waited_ms=101 file=../../../../../../Project/UE5/Gallery/Saved/ScreenRecordings/A039_20260616_154918_screen.mkv size_bytes=115713351"
"recording_start","A008",1,1781598290169,"2026-06-16T16:24:50.169+08:00","pid=28544 file=../../../../../../Project/UE5/Gallery/Saved/ScreenRecordings/A008_20260616_162450_screen.mkv ffmpeg=D:\Tools\ffmpeg\bin\ffmpeg.exe args=-y -f gdigrab -framerate 15 -draw_mouse 0 -offset_x 0 -offset_y -1080 -video_size 1920x1080 -i desktop -c:v libx264 -preset ultrafast -crf 30 -pix_fmt yuv420p ""../../../../../../Project/UE5/Gallery/Saved/ScreenRecordings/A008_20260616_162450_screen.mkv"" mode=window_title title=Gallery 预览 [NetMode: Standalone 0]  （64-bit/PC D3D SM6） recording_start_world_sec=338.549103 recording_start_unix_ms=1781598290163 recording_start_bjt=2026-06-16T16:24:50.163+08:00"
"recording_stop","NA",1,1781599808484,"2026-06-16T16:50:08.484+08:00","was_running=1 graceful_q=1 forced=0 waited_ms=151 file=../../../../../../Project/UE5/Gallery/Saved/ScreenRecordings/A008_20260616_162450_screen.mkv size_bytes=140515451"
"recording_start","B007",1,1781600928666,"2026-06-16T17:08:48.666+08:00","pid=27024 file=../../../../../../Project/UE5/Gallery/Saved/ScreenRecordings/B007_20260616_170848_screen.mkv ffmpeg=D:\Tools\ffmpeg\bin\ffmpeg.exe args=-y -f gdigrab -framerate 15 -draw_mouse 0 -offset_x 0 -offset_y -1080 -video_size 1920x1080 -i desktop -c:v libx264 -preset ultrafast -crf 30 -pix_fmt yuv420p ""../../../../../../Project/UE5/Gallery/Saved/ScreenRecordings/B007_20260616_170848_screen.mkv"" mode=window_title title=Gallery 预览 [NetMode: Standalone 0]  （64-bit/PC D3D SM6） recording_start_world_sec=200.182007 recording_start_unix_ms=1781600928660 recording_start_bjt=2026-06-16T17:08:48.660+08:00"
"recording_stop","NA",1,1781601470476,"2026-06-16T17:17:50.476+08:00","was_running=1 graceful_q=1 forced=0 waited_ms=151 file=../../../../../../Project/UE5/Gallery/Saved/ScreenRecordings/B007_20260616_170848_screen.mkv size_bytes=50918171"
"recording_start","B008",1,1781602381470,"2026-06-16T17:33:01.470+08:00","pid=5620 file=../../../../../../Project/UE5/Gallery/Saved/ScreenRecordings/B008_20260616_173301_screen.mkv ffmpeg=D:\Tools\ffmpeg\bin\ffmpeg.exe args=-y -f gdigrab -framerate 15 -draw_mouse 0 -offset_x 0 -offset_y -1080 -video_size 1920x1080 -i desktop -c:v libx264 -preset ultrafast -crf 30 -pix_fmt yuv420p ""../../../../../../Project/UE5/Gallery/Saved/ScreenRecordings/B008_20260616_173301_screen.mkv"" mode=window_title title=Gallery 预览 [NetMode: Standalone 0]  （64-bit/PC D3D SM6） recording_start_world_sec=112.694366 recording_start_unix_ms=1781602381464 recording_start_bjt=2026-06-16T17:33:01.464+08:00"
"recording_stop","NA",1,1781602885051,"2026-06-16T17:41:25.051+08:00","was_running=1 graceful_q=1 forced=0 waited_ms=100 file=../../../../../../Project/UE5/Gallery/Saved/ScreenRecordings/B008_20260616_173301_screen.mkv size_bytes=46239728"
"recording_start","B009",1,1781603458247,"2026-06-16T17:50:58.247+08:00","pid=19320 file=../../../../../../Project/UE5/Gallery/Saved/ScreenRecordings/B009_20260616_175058_screen.mkv ffmpeg=D:\Tools\ffmpeg\bin\ffmpeg.exe args=-y -f gdigrab -framerate 15 -draw_mouse 0 -offset_x 0 -offset_y -1080 -video_size 1920x1080 -i desktop -c:v libx264 -preset ultrafast -crf 30 -pix_fmt yuv420p ""../../../../../../Project/UE5/Gallery/Saved/ScreenRecordings/B009_20260616_175058_screen.mkv"" mode=window_title title=Gallery 预览 [NetMode: Standalone 0]  （64-bit/PC D3D SM6） recording_start_world_sec=221.736710 recording_start_unix_ms=1781603458242 recording_start_bjt=2026-06-16T17:50:58.242+08:00"
"recording_stop","NA",1,1781603968045,"2026-06-16T17:59:28.045+08:00","was_running=1 graceful_q=1 forced=0 waited_ms=100 file=../../../../../../Project/UE5/Gallery/Saved/ScreenRecordings/B009_20260616_175058_screen.mkv size_bytes=43901302"
"recording_start","A040",1,1781609311783,"2026-06-16T19:28:31.783+08:00","pid=32740 file=../../../../../../Project/UE5/Gallery/Saved/ScreenRecordings/A040_20260616_192831_screen.mkv ffmpeg=D:\Tools\ffmpeg\bin\ffmpeg.exe args=-y -f gdigrab -framerate 15 -draw_mouse 0 -offset_x 0 -offset_y -1080 -video_size 1920x1080 -i desktop -c:v libx264 -preset ultrafast -crf 30 -pix_fmt yuv420p ""../../../../../../Project/UE5/Gallery/Saved/ScreenRecordings/A040_20260616_192831_screen.mkv"" mode=window_title title=Gallery 预览 [NetMode: Standalone 0]  （64-bit/PC D3D SM6） recording_start_world_sec=171.840439 recording_start_unix_ms=1781609311773 recording_start_bjt=2026-06-16T19:28:31.773+08:00"
"recording_stop","NA",1,1781610754740,"2026-06-16T19:52:34.740+08:00","was_running=1 graceful_q=1 forced=0 waited_ms=151 file=../../../../../../Project/UE5/Gallery/Saved/ScreenRecordings/A040_20260616_192831_screen.mkv size_bytes=145879206"
"recording_start","A037",1,1781611657580,"2026-06-16T20:07:37.580+08:00","pid=6028 file=../../../../../../Project/UE5/Gallery/Saved/ScreenRecordings/A037_20260616_200737_screen.mkv ffmpeg=D:\Tools\ffmpeg\bin\ffmpeg.exe args=-y -f gdigrab -framerate 15 -draw_mouse 0 -offset_x 0 -offset_y -1080 -video_size 1920x1080 -i desktop -c:v libx264 -preset ultrafast -crf 30 -pix_fmt yuv420p ""../../../../../../Project/UE5/Gallery/Saved/ScreenRecordings/A037_20260616_200737_screen.mkv"" mode=window_title title=Gallery 预览 [NetMode: Standalone 0]  （64-bit/PC D3D SM6） recording_start_world_sec=461.390961 recording_start_unix_ms=1781611657574 recording_start_bjt=2026-06-16T20:07:37.574+08:00"
"recording_start","A037_v2",1,1781613114186,"2026-06-16T20:31:54.186+08:00","pid=8392 file=../../../../../../Project/UE5/Gallery/Saved/ScreenRecordings/A037_v2_20260616_203154_screen.mkv ffmpeg=D:\Tools\ffmpeg\bin\ffmpeg.exe args=-y -f gdigrab -framerate 15 -draw_mouse 0 -offset_x 0 -offset_y -1080 -video_size 1920x1080 -i desktop -c:v libx264 -preset ultrafast -crf 30 -pix_fmt yuv420p ""../../../../../../Project/UE5/Gallery/Saved/ScreenRecordings/A037_v2_20260616_203154_screen.mkv"" mode=window_title title=Gallery 预览 [NetMode: Standalone 0]  （64-bit/PC D3D SM6） recording_start_world_sec=75.060127 recording_start_unix_ms=1781613114174 recording_start_bjt=2026-06-16T20:31:54.174+08:00"
"recording_stop","NA",1,1781613664321,"2026-06-16T20:41:04.321+08:00","was_running=1 graceful_q=1 forced=0 waited_ms=101 file=../../../../../../Project/UE5/Gallery/Saved/ScreenRecordings/A037_v2_20260616_203154_screen.mkv size_bytes=87126133"
